fine_amount,penalty_amount,interest_amount,payment_amount,amount_due,total_charges,net_paid,unpaid_balance_ratio,issue_year,issue_month,issue_day,issue_dayofweek,issue_quarter,is_weekend,county_encoded,issuing_agency_encoded,violation_status_encoded,license_type_encoded,cluster
50.0,0.0,0.0,50.0,0.0,50.0,50.0,0.0,2025,3,6,3,1,0,3,1,6,8,0
65.0,0.0,0.0,65.0,0.0,65.0,65.0,0.0,2025,4,15,1,2,0,2,0,6,8,0
65.0,0.0,0.0,65.0,0.0,65.0,65.0,0.0,2025,4,15,1,2,0,2,0,6,8,0
50.0,0.0,0.0,50.0,0.0,50.0,50.0,0.0,2025,3,6,3,1,0,1,1,6,8,0
50.0,0.0,0.0,50.0,0.0,50.0,50.0,0.0,2025,3,6,3,1,0,3,1,6,8,0
50.0,0.0,0.0,50.0,0.0,50.0,50.0,0.0,2025,3,6,3,1,0,3,1,6,8,0
65.0,0.0,0.0,65.0,0.0,65.0,65.0,0.0,2025,4,11,4,2,0,1,0,6,8,0
115.0,10.0,0.0,125.0,0.0,125.0,125.0,0.0,2021,2,16,1,1,0,1,6,3,1,1
65.0,10.0,0.0,75.0,0.0,75.0,75.0,0.0,2021,2,25,3,1,0,1,6,3,8,1
50.0,0.0,0.0,50.0,0.0,50.0,50.0,0.0,2024,11,12,1,4,0,5,7,6,8,2
150.0,0.0,0.0,150.0,0.0,150.0,150.0,0.0,2024,11,12,1,4,0,5,7,3,8,1
115.0,0.0,0.0,0.0,0.0,115.0,-55.09999999999991,0.0,2024,2,6,1,1,0,1,5,5,8,0
115.0,10.0,0.0,125.0,0.0,125.0,125.0,0.0,2025,3,31,0,1,0,1,5,6,8,1
59.94399185336049,4.760692464358452,1.0263034623217924,63.7833401221996,0.1069246435845213,65.73098778004073,61.94261710794298,0.0016267006962124,2023,12,22,4,4,0,5,8,6,8,2
59.94399185336049,4.760692464358452,1.0263034623217924,63.7833401221996,0.1069246435845213,65.73098778004073,61.94261710794298,0.0016267006962124,2023,7,30,6,3,1,5,8,6,8,2
65.0,0.0,0.0,65.0,0.0,65.0,65.0,0.0,2025,4,15,1,2,0,1,0,6,8,0
65.0,0.0,0.0,65.0,0.0,65.0,65.0,0.0,2025,4,15,1,2,0,2,0,6,8,0
115.0,0.0,0.0,115.0,0.0,115.0,115.0,0.0,2023,5,8,0,2,0,1,6,1,1,1
50.0,0.0,0.0,50.0,0.0,50.0,50.0,0.0,2025,3,22,5,1,1,0,1,6,8,0
50.0,0.0,0.0,50.0,0.0,50.0,50.0,0.0,2025,3,6,3,1,0,0,1,6,8,0
50.0,0.0,0.0,50.0,0.0,50.0,50.0,0.0,2025,3,22,5,1,1,3,1,6,8,0
50.0,25.0,0.0,75.0,0.0,75.0,75.0,0.0,2025,2,23,6,1,1,2,1,6,8,0
50.0,25.0,0.0,75.0,0.0,75.0,75.0,0.0,2025,2,23,6,1,1,2,1,6,8,0
50.0,25.0,0.0,75.0,0.0,75.0,75.0,0.0,2025,2,23,6,1,1,1,1,6,8,0
50.0,0.0,0.0,50.0,0.0,50.0,50.0,0.0,2025,3,6,3,1,0,4,1,6,8,0
50.0,25.0,0.0,75.0,0.0,75.0,75.0,0.0,2025,9,19,4,3,0,1,1,6,8,2
50.0,0.0,0.0,50.0,0.0,50.0,50.0,0.0,2025,11,19,2,4,0,1,1,6,8,2
50.0,25.0,0.0,75.0,0.0,75.0,75.0,0.0,2025,9,23,1,3,0,3,1,6,8,2
50.0,0.0,0.0,50.0,0.0,50.0,50.0,0.0,2025,9,19,4,3,0,4,1,6,8,2
50.0,0.0,0.0,50.0,0.0,50.0,50.0,0.0,2025,11,19,2,4,0,0,1,6,8,2
50.0,0.0,0.0,50.0,0.0,50.0,50.0,0.0,2025,3,11,1,1,0,0,1,6,8,0
50.0,0.0,0.0,50.0,0.0,50.0,50.0,0.0,2025,3,11,1,1,0,3,1,6,8,0
50.0,0.0,0.0,50.0,0.0,50.0,50.0,0.0,2025,3,11,1,1,0,1,1,6,8,0
50.0,0.0,0.0,50.0,0.0,50.0,50.0,0.0,2025,3,11,1,1,0,0,1,6,8,0
50.0,0.0,0.0,50.0,0.0,50.0,50.0,0.0,2025,3,11,1,1,0,3,1,6,8,0
50.0,0.0,0.0,50.0,0.0,50.0,50.0,0.0,2024,11,12,1,4,0,4,7,6,8,2
50.0,0.0,0.0,50.0,0.0,50.0,50.0,0.0,2025,3,6,3,1,0,1,1,6,8,0
50.0,0.0,0.0,50.0,0.0,50.0,50.0,0.0,2025,3,6,3,1,0,4,1,6,8,0
50.0,0.0,0.0,50.0,0.0,50.0,50.0,0.0,2025,3,6,3,1,0,4,1,6,8,0
65.0,0.0,0.0,65.0,0.0,65.0,65.0,0.0,2025,4,11,4,2,0,2,0,6,8,0
65.0,0.0,0.0,65.0,0.0,65.0,65.0,0.0,2025,4,15,1,2,0,2,0,6,8,0
65.0,0.0,0.0,65.0,0.0,65.0,65.0,0.0,2025,4,11,4,2,0,3,0,6,8,0
50.0,0.0,0.0,50.0,0.0,50.0,50.0,0.0,2024,11,12,1,4,0,1,7,6,8,2
45.0,0.0,0.0,45.0,0.0,45.0,45.0,0.0,2025,4,24,3,2,0,2,6,6,8,0
115.0,0.0,0.0,115.0,0.0,115.0,115.0,0.0,2025,4,25,4,2,0,2,6,6,8,1
115.0,0.0,0.0,115.0,0.0,115.0,115.0,0.0,2025,4,8,1,2,0,2,6,3,1,1
50.0,0.0,0.0,50.0,0.0,50.0,50.0,0.0,2025,3,22,5,1,1,0,1,6,8,0
50.0,0.0,0.0,50.0,0.0,50.0,50.0,0.0,2025,3,11,1,1,0,0,1,6,8,0
50.0,0.0,0.0,50.0,0.0,50.0,50.0,0.0,2025,3,11,1,1,0,3,1,6,8,0
50.0,0.0,0.0,50.0,0.0,50.0,50.0,0.0,2025,3,11,1,1,0,3,1,6,8,0
50.0,0.0,0.0,50.0,0.0,50.0,50.0,0.0,2025,3,11,1,1,0,3,1,6,8,0
65.0,0.0,0.0,65.0,0.0,65.0,65.0,0.0,2025,4,11,4,2,0,3,0,6,8,0
50.0,0.0,0.0,50.0,0.0,50.0,50.0,0.0,2024,11,12,1,4,0,1,7,6,8,2
50.0,0.0,0.0,50.0,0.0,50.0,50.0,0.0,2024,11,12,1,4,0,1,7,3,8,2
50.0,0.0,0.0,50.0,0.0,50.0,50.0,0.0,2024,11,12,1,4,0,5,7,6,5,2
50.0,0.0,0.0,50.0,0.0,50.0,50.0,0.0,2025,3,6,3,1,0,4,1,6,8,0
50.0,0.0,0.0,50.0,0.0,50.0,50.0,0.0,2025,3,6,3,1,0,3,1,6,8,0
50.0,0.0,0.0,50.0,0.0,50.0,50.0,0.0,2025,3,6,3,1,0,3,1,6,8,0
115.0,0.0,0.0,115.0,0.0,115.0,115.0,0.0,2025,4,12,5,2,1,3,0,6,8,1
50.0,0.0,0.0,50.0,0.0,50.0,50.0,0.0,2025,3,6,3,1,0,3,1,6,8,0
50.0,25.0,0.0,75.0,0.0,75.0,75.0,0.0,2025,3,22,5,1,1,0,1,6,8,0
50.0,0.0,0.0,50.0,0.0,50.0,50.0,0.0,2025,11,18,1,4,0,3,1,6,8,2
115.0,10.0,0.0,125.0,0.0,125.0,125.0,0.0,2024,4,18,3,2,0,1,5,6,8,1
50.0,0.0,0.0,50.0,0.0,50.0,50.0,0.0,2025,9,19,4,3,0,1,1,6,8,2
50.0,0.0,0.0,50.0,0.0,50.0,50.0,0.0,2025,9,24,2,3,0,3,1,6,8,2
59.94399185336049,4.760692464358452,1.0263034623217924,63.7833401221996,0.1069246435845213,65.73098778004073,61.94261710794298,0.0016267006962124,2023,3,27,0,1,0,5,8,6,8,2
59.94399185336049,4.760692464358452,1.0263034623217924,63.7833401221996,0.1069246435845213,65.73098778004073,61.94261710794298,0.0016267006962124,2023,3,27,0,1,0,5,8,6,8,2
50.0,0.0,0.0,50.0,0.0,50.0,50.0,0.0,2025,3,22,5,1,1,1,1,6,8,0
50.0,0.0,0.0,50.0,0.0,50.0,50.0,0.0,2025,3,22,5,1,1,3,1,6,11,0
50.0,0.0,0.0,50.0,0.0,50.0,50.0,0.0,2025,3,22,5,1,1,3,1,6,1,0
50.0,0.0,0.0,50.0,0.0,50.0,50.0,0.0,2024,11,12,1,4,0,5,7,6,6,2
50.0,0.0,0.0,50.0,0.0,50.0,50.0,0.0,2024,11,12,1,4,0,5,7,6,8,2
50.0,25.0,16.23,91.23,0.0,91.23,91.23,0.0,2022,5,17,1,2,0,1,1,6,8,1
50.0,0.0,0.0,50.0,0.0,50.0,50.0,0.0,2025,3,11,1,1,0,1,1,6,8,0
50.0,0.0,0.0,50.0,0.0,50.0,50.0,0.0,2025,3,6,3,1,0,1,1,6,8,0
65.0,0.0,0.0,0.0,0.0,65.0,-55.09999999999991,0.0,2025,4,8,1,2,0,2,6,5,1,0
65.0,60.0,18.129699999999985,167.3,0.0,143.1297,167.11,0.0,2021,9,16,3,3,0,1,6,6,8,1
50.0,0.0,0.0,50.0,0.0,50.0,50.0,0.0,2025,9,19,4,3,0,0,1,6,8,2
50.0,0.0,0.0,50.0,0.0,50.0,50.0,0.0,2025,9,19,4,3,0,0,1,6,8,2
50.0,0.0,0.0,50.0,0.0,50.0,50.0,0.0,2025,9,24,2,3,0,0,1,6,8,2
50.0,25.0,1.24,76.18,0.0,76.24,76.12,0.0,2025,1,14,1,1,0,0,1,6,8,0
50.0,0.0,0.0,50.0,0.0,50.0,50.0,0.0,2025,9,19,4,3,0,4,1,6,8,2
50.0,0.0,0.0,50.0,0.0,50.0,50.0,0.0,2025,9,19,4,3,0,3,1,6,6,2
50.0,0.0,0.0,50.0,0.0,50.0,50.0,0.0,2025,9,24,2,3,0,0,1,6,1,2
50.0,0.0,0.0,50.0,0.0,50.0,50.0,0.0,2025,3,11,1,1,0,0,1,6,8,0
50.0,0.0,0.0,50.0,0.0,50.0,50.0,0.0,2025,3,6,3,1,0,3,1,6,8,0
50.0,0.0,0.0,50.0,0.0,50.0,50.0,0.0,2024,11,12,1,4,0,5,7,6,8,2
50.0,0.0,0.0,50.0,0.0,50.0,50.0,0.0,2024,11,12,1,4,0,3,7,6,8,2
50.0,0.0,0.0,50.0,0.0,50.0,50.0,0.0,2025,3,11,1,1,0,3,1,6,8,0
50.0,0.0,0.0,50.0,0.0,50.0,50.0,0.0,2025,3,11,1,1,0,1,1,6,11,0
50.0,0.0,0.0,50.0,0.0,50.0,50.0,0.0,2025,3,6,3,1,0,3,1,6,8,0
50.0,0.0,0.0,50.0,0.0,50.0,50.0,0.0,2025,3,6,3,1,0,1,1,6,8,0
50.0,0.0,0.0,50.0,0.0,50.0,50.0,0.0,2025,3,11,1,1,0,1,1,6,8,0
65.0,0.0,0.0,65.0,0.0,65.0,65.0,0.0,2025,4,15,1,2,0,3,0,6,8,0
50.0,0.0,0.0,50.0,0.0,50.0,50.0,0.0,2025,3,6,3,1,0,3,1,6,1,0
50.0,0.0,0.0,50.0,0.0,50.0,50.0,0.0,2025,3,6,3,1,0,3,1,6,8,0
65.0,60.0,2.83,127.83,0.0,127.83,127.83,0.0,2023,5,9,1,2,0,1,0,3,8,1
50.0,25.0,0.0,75.0,0.0,75.0,75.0,0.0,2025,3,11,1,1,0,3,1,6,8,0
50.0,0.0,0.0,50.0,0.0,50.0,50.0,0.0,2025,10,10,4,4,0,0,1,6,8,2
50.0,0.0,0.0,50.0,0.0,50.0,50.0,0.0,2025,9,24,2,3,0,0,1,6,1,2
59.94399185336049,4.760692464358452,1.0263034623217924,63.7833401221996,0.1069246435845213,65.73098778004073,61.94261710794298,0.0016267006962124,2023,3,27,0,1,0,5,8,6,8,2
59.94399185336049,4.760692464358452,1.0263034623217924,63.7833401221996,0.1069246435845213,65.73098778004073,61.94261710794298,0.0016267006962124,2023,3,27,0,1,0,5,8,6,8,2
50.0,0.0,0.0,50.0,0.0,50.0,50.0,0.0,2025,10,10,4,4,0,4,1,6,8,2
50.0,0.0,0.0,50.0,0.0,50.0,50.0,0.0,2025,3,22,5,1,1,3,1,6,8,0
50.0,0.0,0.0,50.0,0.0,50.0,50.0,0.0,2024,11,12,1,4,0,5,7,6,8,2
50.0,25.0,0.0,75.0,0.0,75.0,75.0,0.0,2025,3,6,3,1,0,0,1,6,8,0
50.0,0.0,0.0,50.0,0.0,50.0,50.0,0.0,2025,10,10,4,4,0,2,1,6,8,2
50.0,25.0,18.11,92.98,0.0,93.11,92.85,0.0,2022,5,19,3,2,0,0,1,6,8,1
50.0,25.0,17.48,92.46,0.0,92.48,92.44,0.0,2022,5,26,3,2,0,1,1,6,8,1
50.0,0.0,0.0,50.0,0.0,50.0,50.0,0.0,2025,3,11,1,1,0,1,1,6,8,0
50.0,0.0,0.0,50.0,0.0,50.0,50.0,0.0,2025,3,6,3,1,0,2,1,6,8,0
50.0,0.0,0.0,50.0,0.0,50.0,50.0,0.0,2025,3,11,1,1,0,4,1,6,8,0
50.0,0.0,0.0,50.0,0.0,50.0,50.0,0.0,2025,10,10,4,4,0,3,1,6,8,2
115.0,60.0,1.72,176.72,0.0,176.72,176.72,0.0,2025,5,20,1,2,0,0,5,3,8,1
50.0,0.0,0.0,50.0,0.0,50.0,50.0,0.0,2025,11,18,1,4,0,3,1,6,8,2
50.0,0.0,0.0,50.0,0.0,50.0,50.0,0.0,2025,3,6,3,1,0,3,1,6,8,0
50.0,0.0,0.0,50.0,0.0,50.0,50.0,0.0,2025,3,11,1,1,0,3,1,6,8,0
50.0,0.0,0.0,50.0,0.0,50.0,50.0,0.0,2025,9,19,4,3,0,3,1,6,8,2
65.0,10.0,0.0,65.0,0.0,75.0,55.0,0.0,2025,4,9,2,2,0,2,6,6,8,0
65.0,0.0,0.0,65.0,0.0,65.0,65.0,0.0,2025,4,10,3,2,0,2,6,6,8,0
50.0,0.0,0.0,50.0,0.0,50.0,50.0,0.0,2025,9,19,4,3,0,1,1,6,8,2
65.0,0.0,0.0,65.0,0.0,65.0,65.0,0.0,2025,4,15,1,2,0,2,0,6,8,0
65.0,0.0,0.0,65.0,0.0,65.0,65.0,0.0,2025,4,11,4,2,0,1,0,6,8,0
65.0,0.0,0.0,65.0,0.0,65.0,65.0,0.0,2025,4,15,1,2,0,2,0,6,8,0
50.0,0.0,0.0,50.0,0.0,50.0,50.0,0.0,2025,3,6,3,1,0,1,1,6,8,0
50.0,0.0,0.0,50.0,0.0,50.0,50.0,0.0,2025,3,6,3,1,0,3,1,6,8,0
50.0,0.0,0.0,50.0,0.0,50.0,50.0,0.0,2025,11,4,1,4,0,1,7,6,8,2
50.0,0.0,0.0,50.0,0.0,50.0,50.0,0.0,2025,3,6,3,1,0,3,1,6,8,0
65.0,0.0,0.0,65.0,0.0,65.0,65.0,0.0,2025,4,14,0,2,0,2,6,6,8,0
50.0,0.0,0.0,50.0,0.0,50.0,50.0,0.0,2024,11,12,1,4,0,5,7,6,8,2
50.0,0.0,0.0,50.0,0.0,50.0,50.0,0.0,2024,11,12,1,4,0,1,7,6,8,2
50.0,0.0,0.0,50.0,0.0,50.0,50.0,0.0,2024,11,12,1,4,0,5,7,6,8,2
50.0,25.0,0.0,75.0,0.0,75.0,75.0,0.0,2025,9,23,1,3,0,3,1,6,8,2
65.0,0.0,0.0,50.0,0.0,65.0,35.0,0.0,2025,3,26,2,1,0,2,6,4,1,0
50.0,25.0,0.0,75.0,0.0,75.0,75.0,0.0,2025,2,23,6,1,1,3,1,6,8,0
50.0,25.0,17.48,92.46,0.0,92.48,92.44,0.0,2022,5,26,3,2,0,1,1,6,8,1
50.0,25.0,17.35,92.33,0.0,92.35,92.31,0.0,2022,6,2,3,2,0,3,1,6,8,1
50.0,25.0,12.48,87.42,0.0,87.48,87.36,0.0,2022,6,1,2,2,0,3,1,6,8,1
50.0,0.0,0.0,50.0,0.0,50.0,50.0,0.0,2025,3,23,6,1,1,3,7,6,8,0
50.0,0.0,0.0,50.0,0.0,50.0,50.0,0.0,2025,3,6,3,1,0,3,1,6,8,0
50.0,0.0,0.0,50.0,0.0,50.0,50.0,0.0,2025,3,6,3,1,0,0,1,6,8,0
50.0,0.0,0.0,50.0,0.0,50.0,50.0,0.0,2025,3,6,3,1,0,3,1,6,8,0
50.0,0.0,0.0,50.0,0.0,50.0,50.0,0.0,2025,3,6,3,1,0,1,1,6,6,0
50.0,0.0,0.0,50.0,0.0,50.0,50.0,0.0,2024,11,12,1,4,0,5,7,6,5,2
50.0,0.0,0.0,50.0,0.0,50.0,50.0,0.0,2025,9,24,2,3,0,1,1,6,8,2
50.0,0.0,0.0,50.0,0.0,50.0,50.0,0.0,2025,3,6,3,1,0,3,1,6,4,0
60.0,0.0,0.0,60.0,0.0,60.0,60.0,0.0,2025,4,19,5,2,1,2,6,6,8,0
65.0,0.0,0.0,65.0,0.0,65.0,65.0,0.0,2025,4,22,1,2,0,2,6,6,8,0
50.0,0.0,0.0,50.0,0.0,50.0,50.0,0.0,2025,3,22,5,1,1,3,1,6,6,0
50.0,25.0,17.48,92.46,0.0,92.48,92.44,0.0,2022,6,10,4,2,0,3,1,6,8,1
50.0,0.0,0.0,50.0,0.0,50.0,50.0,0.0,2025,3,23,6,1,1,5,7,6,8,0
65.0,10.0,0.0,75.0,0.0,75.0,75.0,0.0,2025,1,10,4,1,0,3,6,6,8,0
50.0,0.0,0.0,50.0,0.0,50.0,50.0,0.0,2025,9,24,2,3,0,1,1,6,8,2
50.0,0.0,0.0,50.0,0.0,50.0,50.0,0.0,2025,3,6,3,1,0,4,1,6,8,0
50.0,0.0,0.0,50.0,0.0,50.0,50.0,0.0,2025,3,6,3,1,0,4,1,6,8,0
50.0,25.0,17.72,92.69,0.0,92.72,92.66,0.0,2022,6,13,0,2,0,3,1,6,8,1
50.0,25.0,0.0,50.0,0.0,75.0,25.0,0.0,2025,9,23,1,3,0,3,1,6,8,2
50.0,25.0,0.0,75.0,0.0,75.0,75.0,0.0,2025,9,23,1,3,0,3,1,6,8,2
50.0,0.0,0.0,50.0,0.0,50.0,50.0,0.0,2025,9,19,4,3,0,0,1,6,8,2
50.0,0.0,0.0,50.0,0.0,50.0,50.0,0.0,2025,9,24,2,3,0,0,1,6,8,2
50.0,0.0,0.0,50.0,0.0,50.0,50.0,0.0,2025,9,19,4,3,0,2,1,6,8,2
35.0,0.0,0.0,35.0,0.0,35.0,35.0,0.0,2025,5,1,3,2,0,2,6,6,8,0
35.0,0.0,0.0,35.0,0.0,35.0,35.0,0.0,2025,5,1,3,2,0,2,6,6,8,0
65.0,30.0,0.0,95.0,0.0,95.0,95.0,0.0,2023,4,25,1,2,0,1,6,3,11,1
50.0,0.0,0.0,50.0,0.0,50.0,50.0,0.0,2025,1,16,3,1,0,1,7,6,8,0
50.0,0.0,0.0,50.0,0.0,50.0,50.0,0.0,2025,3,11,1,1,0,1,1,6,8,0
50.0,25.0,4.13,79.06,0.0,79.13,78.99000000000001,0.0,2024,4,18,3,2,0,1,1,6,8,0
50.0,0.0,0.0,50.0,0.0,50.0,50.0,0.0,2025,3,6,3,1,0,4,1,6,8,0
50.0,0.0,0.0,50.0,0.0,50.0,50.0,0.0,2025,3,11,1,1,0,1,1,6,8,0
50.0,25.0,2.44,77.44,0.0,77.44,77.44,0.0,2024,12,6,4,4,0,4,1,6,8,2
50.0,0.0,0.0,50.0,0.0,50.0,50.0,0.0,2024,11,12,1,4,0,5,7,6,6,2
50.0,0.0,0.0,50.0,0.0,50.0,50.0,0.0,2024,11,13,2,4,0,5,7,6,6,2
50.0,0.0,0.0,50.0,0.0,50.0,50.0,0.0,2025,9,24,2,3,0,0,1,6,8,2
50.0,25.0,2.52,77.39,0.0,77.52,77.26,0.0,2024,12,6,4,4,0,0,1,6,8,2
50.0,25.0,2.51,77.38,0.0,77.51,77.25,0.0,2024,11,17,6,4,1,3,1,6,8,2
35.0,0.0,0.0,35.0,0.0,35.0,35.0,0.0,2025,5,1,3,2,0,2,6,6,8,0
50.0,0.0,0.0,50.0,0.0,50.0,50.0,0.0,2025,3,6,3,1,0,3,1,6,8,0
50.0,0.0,0.0,50.0,0.0,50.0,50.0,0.0,2025,3,11,1,1,0,3,1,2,1,0
50.0,0.0,0.0,50.0,0.0,50.0,50.0,0.0,2025,3,11,1,1,0,3,1,6,8,0
50.0,0.0,0.0,50.0,0.0,50.0,50.0,0.0,2025,3,11,1,1,0,3,1,6,8,0
65.0,0.0,0.0,65.0,0.0,65.0,65.0,0.0,2025,4,10,3,2,0,1,0,6,8,0
50.0,0.0,0.0,50.0,0.0,50.0,50.0,0.0,2025,3,6,3,1,0,1,1,6,8,0
50.0,0.0,0.0,50.0,0.0,50.0,50.0,0.0,2025,3,6,3,1,0,3,1,6,8,0
65.0,0.0,0.0,65.0,0.0,65.0,65.0,0.0,2025,4,15,1,2,0,2,0,6,8,0
50.0,0.0,0.0,50.0,0.0,50.0,50.0,0.0,2024,11,13,2,4,0,4,7,6,8,2
50.0,0.0,0.0,50.0,0.0,50.0,50.0,0.0,2024,11,13,2,4,0,5,7,6,6,2
50.0,0.0,0.0,50.0,0.0,50.0,50.0,0.0,2024,11,13,2,4,0,3,7,6,8,2
50.0,0.0,0.0,50.0,0.0,50.0,50.0,0.0,2024,11,13,2,4,0,5,7,6,8,2
150.0,0.0,0.0,150.0,0.0,150.0,150.0,0.0,2024,11,13,2,4,0,5,7,3,8,1
50.0,0.0,0.0,50.0,0.0,50.0,50.0,0.0,2024,11,13,2,4,0,2,7,6,8,2
50.0,25.0,2.19,77.12,0.0,77.19,77.05000000000001,0.0,2025,1,8,2,1,0,1,1,6,8,0
50.0,0.0,0.0,50.0,0.0,50.0,50.0,0.0,2025,9,19,4,3,0,3,1,6,8,2
115.0,0.0,0.0,115.0,0.0,115.0,115.0,0.0,2025,4,9,2,2,0,2,6,6,1,1
50.0,25.0,1.86,76.73,0.0,76.86,76.60000000000001,0.0,2025,2,20,3,1,0,3,1,6,8,0
50.0,0.0,0.0,50.0,0.0,50.0,50.0,0.0,2025,3,6,3,1,0,0,1,6,8,0
50.0,0.0,0.0,50.0,0.0,50.0,50.0,0.0,2025,3,11,1,1,0,0,1,6,6,0
50.0,0.0,0.0,50.0,0.0,50.0,50.0,0.0,2025,3,6,3,1,0,1,1,6,8,0
115.0,0.0,0.0,115.0,0.0,115.0,115.0,0.0,2025,4,14,0,2,0,3,0,6,8,1
65.0,0.0,0.0,65.0,0.0,65.0,65.0,0.0,2025,4,11,4,2,0,1,0,6,8,0
50.0,0.0,0.0,50.0,0.0,50.0,50.0,0.0,2025,9,24,2,3,0,3,1,6,1,2
50.0,0.0,0.0,50.0,0.0,50.0,50.0,0.0,2025,3,6,3,1,0,3,1,6,8,0
35.0,0.0,0.0,35.0,0.0,35.0,35.0,0.0,2025,5,1,3,2,0,2,6,6,8,0
65.0,0.0,0.0,40.0,0.0,65.0,15.0,0.0,2025,5,2,4,2,0,2,6,4,1,0
50.0,0.0,0.0,50.0,0.0,50.0,50.0,0.0,2025,3,22,5,1,1,0,1,6,8,0
50.0,0.0,0.0,50.0,0.0,50.0,50.0,0.0,2025,3,6,3,1,0,3,1,6,8,0
50.0,0.0,0.0,50.0,0.0,50.0,50.0,0.0,2025,3,11,1,1,0,0,1,6,8,0
50.0,0.0,0.0,50.0,0.0,50.0,50.0,0.0,2025,3,11,1,1,0,1,1,6,8,0
50.0,0.0,0.0,50.0,0.0,50.0,50.0,0.0,2025,1,15,2,1,0,1,7,3,6,0
65.0,0.0,0.0,65.0,0.0,65.0,65.0,0.0,2025,4,15,1,2,0,1,0,6,8,0
50.0,0.0,0.0,50.0,0.0,50.0,50.0,0.0,2025,3,6,3,1,0,1,1,6,6,0
50.0,0.0,0.0,50.0,0.0,50.0,50.0,0.0,2025,3,6,3,1,0,0,1,6,8,0
50.0,0.0,0.0,50.0,0.0,50.0,50.0,0.0,2025,3,6,3,1,0,1,1,6,8,0
65.0,0.0,0.0,65.0,0.0,65.0,65.0,0.0,2025,4,10,3,2,0,0,0,6,8,0
65.0,0.0,0.0,65.0,0.0,65.0,65.0,0.0,2025,4,11,4,2,0,1,0,6,8,0
65.0,0.0,0.0,65.0,0.0,65.0,65.0,0.0,2025,2,27,3,1,0,2,6,3,1,0
115.0,0.0,0.0,115.0,0.0,115.0,115.0,0.0,2025,4,3,3,2,0,1,5,6,8,1
50.0,0.0,0.0,50.0,0.0,50.0,50.0,0.0,2024,11,13,2,4,0,4,7,6,8,2
50.0,25.0,0.0,50.0,0.0,75.0,25.0,0.0,2025,3,22,5,1,1,3,1,6,8,0
50.0,0.0,0.0,50.0,0.0,50.0,50.0,0.0,2025,9,19,4,3,0,3,1,6,8,2
115.0,60.0,0.91,175.61,0.0,175.91,175.31,0.0,2025,5,17,5,2,1,3,5,6,8,1
115.0,60.0,18.129699999999985,201.19,0.0,193.1297,200.97,0.0,2023,8,31,3,3,0,5,5,6,8,1
50.0,0.0,0.0,50.0,0.0,50.0,50.0,0.0,2025,3,6,3,1,0,3,1,6,8,0
50.0,0.0,0.0,50.0,0.0,50.0,50.0,0.0,2025,1,9,3,1,0,3,1,6,8,0
50.0,0.0,0.0,50.0,0.0,50.0,50.0,0.0,2025,3,6,3,1,0,3,1,6,8,0
50.0,0.0,0.0,50.0,0.0,50.0,50.0,0.0,2025,3,6,3,1,0,4,1,6,8,0
50.0,0.0,0.0,50.0,0.0,50.0,50.0,0.0,2025,3,11,1,1,0,1,1,6,8,0
65.0,0.0,0.0,65.0,0.0,65.0,65.0,0.0,2025,4,11,4,2,0,1,0,6,8,0
35.0,0.0,0.0,35.0,0.0,35.0,35.0,0.0,2023,4,26,2,2,0,1,6,1,1,2
65.0,0.0,0.0,65.0,0.0,65.0,65.0,0.0,2025,4,11,4,2,0,1,0,6,8,0
50.0,0.0,0.0,50.0,0.0,50.0,50.0,0.0,2024,12,29,6,4,1,1,1,6,7,2
50.0,0.0,0.0,50.0,0.0,50.0,50.0,0.0,2025,3,6,3,1,0,3,1,6,8,0
50.0,0.0,0.0,50.0,0.0,50.0,50.0,0.0,2025,3,6,3,1,0,3,1,6,8,0
50.0,0.0,0.0,50.0,0.0,50.0,50.0,0.0,2025,9,19,4,3,0,1,1,6,8,2
50.0,0.0,0.0,50.0,0.0,50.0,50.0,0.0,2025,9,19,4,3,0,1,1,6,8,2
115.0,60.0,18.129699999999985,201.25599999999997,0.0,193.1297,201.25599999999997,0.0,2019,12,14,5,4,1,2,6,3,8,1
50.0,0.0,0.0,50.0,0.0,50.0,50.0,0.0,2024,11,13,2,4,0,5,7,3,8,2
50.0,0.0,0.0,50.0,0.0,50.0,50.0,0.0,2024,11,13,2,4,0,5,7,6,11,2
65.0,0.0,0.0,65.0,0.0,65.0,65.0,0.0,2025,10,27,0,4,0,0,0,6,8,2
60.0,0.0,0.0,60.0,0.0,60.0,60.0,0.0,2025,10,18,5,4,1,1,0,6,8,2
65.0,0.0,0.0,65.0,0.0,65.0,65.0,0.0,2025,10,17,4,4,0,1,0,6,8,2
50.0,0.0,0.0,50.0,0.0,50.0,50.0,0.0,2025,9,19,4,3,0,0,1,6,8,2
50.0,0.0,0.0,50.0,0.0,50.0,50.0,0.0,2025,9,19,4,3,0,0,1,6,8,2
50.0,0.0,0.0,50.0,0.0,50.0,50.0,0.0,2025,11,18,1,4,0,3,1,6,8,2
50.0,0.0,0.0,50.0,0.0,50.0,50.0,0.0,2025,9,24,2,3,0,1,1,6,8,2
50.0,0.0,0.0,50.0,0.0,50.0,50.0,0.0,2025,3,11,1,1,0,3,1,6,8,0
65.0,0.0,0.0,65.0,0.0,65.0,65.0,0.0,2025,4,10,3,2,0,2,0,6,8,0
65.0,0.0,0.0,65.0,0.0,65.0,65.0,0.0,2025,4,11,4,2,0,2,0,6,8,0
65.0,10.0,0.0,75.0,0.0,75.0,75.0,0.0,2025,1,14,1,1,0,3,6,6,8,0
50.0,0.0,0.0,50.0,0.0,50.0,50.0,0.0,2025,3,6,3,1,0,4,1,6,8,0
50.0,0.0,0.0,50.0,0.0,50.0,50.0,0.0,2025,3,6,3,1,0,1,1,6,6,0
95.0,60.0,0.0,125.0,0.0,155.0,95.0,0.0,2025,2,27,3,1,0,2,6,6,8,1
65.0,60.0,0.0,125.0,0.0,125.0,125.0,0.0,2025,2,28,4,1,0,2,6,6,8,1
50.0,0.0,0.0,50.0,0.0,50.0,50.0,0.0,2024,11,13,2,4,0,5,7,6,8,2
50.0,0.0,0.0,50.0,0.0,50.0,50.0,0.0,2024,11,13,2,4,0,5,7,3,8,2
50.0,0.0,0.0,50.0,0.0,50.0,50.0,0.0,2024,11,13,2,4,0,5,7,6,8,2
50.0,0.0,0.0,50.0,0.0,50.0,50.0,0.0,2024,11,13,2,4,0,5,7,6,8,2
115.0,0.0,0.0,115.0,0.0,115.0,115.0,0.0,2025,2,27,3,1,0,2,6,3,8,1
50.0,0.0,0.0,50.0,0.0,50.0,50.0,0.0,2025,9,24,2,3,0,0,1,6,8,2
50.0,0.0,0.0,50.0,0.0,50.0,50.0,0.0,2025,3,11,1,1,0,0,1,6,8,0
50.0,0.0,0.0,50.0,0.0,50.0,50.0,0.0,2025,9,24,2,3,0,4,1,6,8,2
50.0,25.0,0.0,75.0,0.0,75.0,75.0,0.0,2025,2,23,6,1,1,3,1,6,8,0
50.0,0.0,0.0,50.0,0.0,50.0,50.0,0.0,2025,3,22,5,1,1,1,1,6,8,0
50.0,0.0,0.0,50.0,0.0,50.0,50.0,0.0,2025,3,22,5,1,1,0,1,6,8,0
50.0,0.0,0.0,50.0,0.0,50.0,50.0,0.0,2025,3,11,1,1,0,3,1,6,8,0
65.0,0.0,0.0,65.0,0.0,65.0,65.0,0.0,2025,4,10,3,2,0,0,0,3,8,0
65.0,0.0,0.0,65.0,0.0,65.0,65.0,0.0,2025,4,11,4,2,0,1,0,6,6,0
65.0,60.0,18.129699999999985,167.3,0.0,143.1297,167.11,0.0,2021,9,16,3,3,0,1,6,6,8,1
50.0,0.0,0.0,50.0,0.0,50.0,50.0,0.0,2025,9,19,4,3,0,1,1,6,8,2
50.0,0.0,0.0,50.0,0.0,50.0,50.0,0.0,2025,9,24,2,3,0,1,1,6,8,2
50.0,0.0,0.0,50.0,0.0,50.0,50.0,0.0,2025,3,22,5,1,1,3,1,6,8,0
50.0,0.0,0.0,50.0,0.0,50.0,50.0,0.0,2025,3,6,3,1,0,3,1,6,8,0
65.0,0.0,0.0,65.0,0.0,65.0,65.0,0.0,2025,4,9,2,2,0,2,6,6,1,0
65.0,0.0,0.0,30.0,0.0,65.0,-5.0,0.0,2025,4,9,2,2,0,2,6,4,1,0
50.0,0.0,0.0,50.0,0.0,50.0,50.0,0.0,2025,3,11,1,1,0,3,1,6,8,0
65.0,0.0,0.0,65.0,0.0,65.0,65.0,0.0,2025,4,15,1,2,0,1,0,6,8,0
50.0,0.0,0.0,50.0,0.0,50.0,50.0,0.0,2024,11,13,2,4,0,5,7,6,8,2
65.0,0.0,0.0,65.0,0.0,65.0,65.0,0.0,2025,4,15,1,2,0,2,0,6,8,0
50.0,0.0,0.0,50.0,0.0,50.0,50.0,0.0,2025,9,24,2,3,0,4,1,6,8,2
50.0,0.0,0.0,50.0,0.0,50.0,50.0,0.0,2025,3,6,3,1,0,4,1,6,8,0
50.0,0.0,0.0,50.0,0.0,50.0,50.0,0.0,2025,3,6,3,1,0,3,1,6,8,0
50.0,0.0,0.0,50.0,0.0,50.0,50.0,0.0,2025,9,19,4,3,0,3,1,6,8,2
50.0,0.0,0.0,50.0,0.0,50.0,50.0,0.0,2025,9,24,2,3,0,1,1,6,8,2
50.0,0.0,0.0,50.0,0.0,50.0,50.0,0.0,2025,9,24,2,3,0,3,1,6,8,2
50.0,25.0,1.4,76.34,0.0,76.4,76.28,0.0,2025,1,1,2,1,0,3,1,3,8,0
65.0,0.0,0.0,65.0,0.0,65.0,65.0,0.0,2025,5,2,4,2,0,2,6,6,8,0
50.0,0.0,0.0,50.0,0.0,50.0,50.0,0.0,2025,3,22,5,1,1,1,1,6,8,0
50.0,0.0,0.0,50.0,0.0,50.0,50.0,0.0,2025,3,6,3,1,0,3,1,6,8,0
50.0,0.0,0.0,50.0,0.0,50.0,50.0,0.0,2024,11,13,2,4,0,5,7,6,1,2
50.0,0.0,0.0,50.0,0.0,50.0,50.0,0.0,2024,11,13,2,4,0,5,7,6,8,2
50.0,0.0,0.0,50.0,0.0,50.0,50.0,0.0,2025,3,11,1,1,0,2,1,6,1,0
50.0,0.0,0.0,50.0,0.0,50.0,50.0,0.0,2025,3,11,1,1,0,2,1,6,8,0
35.0,0.0,0.0,35.0,0.0,35.0,35.0,0.0,2025,1,14,1,1,0,3,6,3,8,0
50.0,0.0,0.0,50.0,0.0,50.0,50.0,0.0,2025,3,11,1,1,0,3,1,6,8,0
50.0,0.0,0.0,50.0,0.0,50.0,50.0,0.0,2025,3,6,3,1,0,3,1,6,8,0
50.0,0.0,0.0,50.0,0.0,50.0,50.0,0.0,2025,3,6,3,1,0,1,1,6,8,0
65.0,0.0,0.0,65.0,0.0,65.0,65.0,0.0,2025,4,12,5,2,1,2,0,6,8,0
65.0,0.0,0.0,65.0,0.0,65.0,65.0,0.0,2025,4,10,3,2,0,0,0,6,8,0
115.0,0.0,0.0,115.0,0.0,115.0,115.0,0.0,2025,3,5,2,1,0,2,6,3,1,1
100.0,0.0,0.0,100.0,0.0,100.0,100.0,0.0,2025,11,4,1,4,0,2,7,6,6,1
50.0,25.0,0.0,75.0,0.0,75.0,75.0,0.0,2025,2,23,6,1,1,1,1,6,8,0
50.0,0.0,0.0,50.0,0.0,50.0,50.0,0.0,2025,9,19,4,3,0,2,1,6,6,2
50.0,0.0,0.0,50.0,0.0,50.0,50.0,0.0,2025,3,22,5,1,1,3,1,6,8,0
50.0,0.0,0.0,50.0,0.0,50.0,50.0,0.0,2025,3,6,3,1,0,2,1,6,8,0
50.0,0.0,0.0,50.0,0.0,50.0,50.0,0.0,2024,11,13,2,4,0,3,7,6,8,2
50.0,0.0,0.0,0.0,0.0,50.0,-50.0,0.0,2024,11,13,2,4,0,5,7,5,6,2
115.0,60.0,2.25,177.25,0.0,177.25,177.25,0.0,2024,2,20,1,1,0,3,6,6,8,1
50.0,0.0,0.0,50.0,0.0,50.0,50.0,0.0,2024,11,13,2,4,0,5,7,6,8,2
50.0,0.0,0.0,50.0,0.0,50.0,50.0,0.0,2024,11,13,2,4,0,5,7,6,8,2
50.0,0.0,0.0,50.0,0.0,50.0,50.0,0.0,2025,3,11,1,1,0,1,1,6,8,0
65.0,0.0,0.0,65.0,0.0,65.0,65.0,0.0,2025,4,15,1,2,0,1,0,6,8,0
50.0,0.0,0.0,50.0,0.0,50.0,50.0,0.0,2025,3,6,3,1,0,3,1,6,8,0
65.0,0.0,0.0,65.0,0.0,65.0,65.0,0.0,2025,4,15,1,2,0,2,0,6,8,0
50.0,0.0,0.0,50.0,0.0,50.0,50.0,0.0,2025,3,6,3,1,0,3,1,6,8,0
50.0,25.0,0.0,75.0,0.0,75.0,75.0,0.0,2025,2,23,6,1,1,3,1,6,8,0
65.0,60.0,18.129699999999985,145.08,0.0,143.1297,145.08,0.0,2023,8,31,3,3,0,0,0,3,8,1
50.0,0.0,0.0,50.0,0.0,50.0,50.0,0.0,2025,3,11,1,1,0,0,1,6,8,0
50.0,25.0,1.92,76.86,0.0,76.92,76.8,0.0,2025,2,7,4,1,0,4,1,6,8,0
50.0,0.0,0.0,50.0,0.0,50.0,50.0,0.0,2025,3,22,5,1,1,2,1,6,8,0
50.0,0.0,0.0,50.0,0.0,50.0,50.0,0.0,2025,3,11,1,1,0,1,1,3,8,0
65.0,0.0,0.0,65.0,0.0,65.0,65.0,0.0,2023,5,4,3,2,0,1,6,1,8,0
50.0,0.0,0.0,50.0,0.0,50.0,50.0,0.0,2025,3,11,1,1,0,3,1,6,8,0
50.0,0.0,0.0,50.0,0.0,50.0,50.0,0.0,2025,3,6,3,1,0,3,1,6,8,0
65.0,0.0,0.0,65.0,0.0,65.0,65.0,0.0,2025,4,11,4,2,0,1,0,6,8,0
65.0,0.0,0.0,65.0,0.0,65.0,65.0,0.0,2025,4,11,4,2,0,1,0,6,8,0
65.0,0.0,0.0,65.0,0.0,65.0,65.0,0.0,2025,4,11,4,2,0,1,0,6,8,0
50.0,25.0,0.0,75.0,0.0,75.0,75.0,0.0,2025,3,6,3,1,0,2,1,6,8,0
65.0,30.0,0.0,95.0,0.0,95.0,95.0,0.0,2025,3,8,5,1,1,2,6,6,8,0
115.0,0.0,0.0,115.0,0.0,115.0,115.0,0.0,2025,3,7,4,1,0,2,6,3,1,1
50.0,0.0,0.0,50.0,0.0,50.0,50.0,0.0,2025,9,24,2,3,0,3,1,6,8,2
59.94399185336049,4.760692464358452,1.0263034623217924,63.7833401221996,0.1069246435845213,65.73098778004073,61.94261710794298,0.0016267006962124,2023,3,27,0,1,0,5,8,6,8,2
59.94399185336049,4.760692464358452,1.0263034623217924,63.7833401221996,0.1069246435845213,65.73098778004073,61.94261710794298,0.0016267006962124,2023,3,27,0,1,0,5,8,6,8,2
65.0,10.0,0.0,65.0,0.0,75.0,55.0,0.0,2025,3,24,0,1,0,2,6,6,8,0
50.0,0.0,0.0,50.0,0.0,50.0,50.0,0.0,2025,3,22,5,1,1,1,1,6,8,0
50.0,0.0,0.0,50.0,0.0,50.0,50.0,0.0,2024,11,13,2,4,0,5,7,6,11,2
100.0,0.0,0.0,100.0,0.0,100.0,100.0,0.0,2024,11,13,2,4,0,5,7,6,8,1
50.0,0.0,0.0,50.0,0.0,50.0,50.0,0.0,2024,11,13,2,4,0,3,7,6,8,2
50.0,0.0,0.0,50.0,0.0,50.0,50.0,0.0,2024,11,13,2,4,0,5,7,6,8,2
50.0,0.0,0.0,50.0,0.0,50.0,50.0,0.0,2025,3,6,3,1,0,1,1,6,8,0
50.0,0.0,0.0,50.0,0.0,50.0,50.0,0.0,2024,11,13,2,4,0,3,7,6,6,2
50.0,0.0,0.0,50.0,0.0,50.0,50.0,0.0,2025,3,11,1,1,0,3,1,6,8,0
50.0,0.0,0.0,50.0,0.0,50.0,50.0,0.0,2025,3,6,3,1,0,3,1,6,8,0
65.0,0.0,0.0,65.0,0.0,65.0,65.0,0.0,2025,4,15,1,2,0,0,0,6,8,0
65.0,0.0,0.0,65.0,0.0,65.0,65.0,0.0,2025,4,10,3,2,0,2,0,6,8,0
65.0,0.0,0.0,65.0,0.0,65.0,65.0,0.0,2025,4,11,4,2,0,2,0,6,8,0
50.0,0.0,0.0,50.0,0.0,50.0,50.0,0.0,2025,3,6,3,1,0,4,1,6,8,0
65.0,0.0,0.0,65.0,0.0,65.0,65.0,0.0,2025,4,11,4,2,0,2,0,6,8,0
50.0,0.0,0.0,50.0,0.0,50.0,50.0,0.0,2025,3,11,1,1,0,0,1,6,8,0
50.0,0.0,0.0,50.0,0.0,50.0,50.0,0.0,2025,3,6,3,1,0,1,1,6,8,0
50.0,0.0,0.0,50.0,0.0,50.0,50.0,0.0,2025,9,24,2,3,0,0,1,6,8,2
50.0,25.0,0.0,75.0,0.0,75.0,75.0,0.0,2025,9,23,1,3,0,2,1,6,8,2
50.0,25.0,1.73,76.6,0.0,76.73,76.47,0.0,2025,2,20,3,1,0,1,1,6,6,0
50.0,0.0,0.0,50.0,0.0,50.0,50.0,0.0,2025,3,22,5,1,1,0,1,6,8,0
115.0,0.0,0.0,115.0,0.0,115.0,115.0,0.0,2024,11,14,3,4,0,1,6,6,8,1
115.0,0.0,0.0,115.0,0.0,115.0,115.0,0.0,2024,11,14,3,4,0,1,6,6,8,1
35.0,0.0,0.0,0.0,0.0,35.0,-35.0,0.0,2024,11,13,2,4,0,1,6,5,8,2
50.0,0.0,0.0,50.0,0.0,50.0,50.0,0.0,2024,11,13,2,4,0,5,7,6,11,2
50.0,0.0,0.0,50.0,0.0,50.0,50.0,0.0,2024,11,13,2,4,0,1,7,3,8,2
50.0,0.0,0.0,50.0,0.0,50.0,50.0,0.0,2024,11,13,2,4,0,1,7,6,8,2
115.0,0.0,0.0,115.0,0.0,115.0,115.0,0.0,2025,3,26,2,1,0,2,6,6,1,1
50.0,25.0,17.21,92.21,0.0,92.21,92.21,0.0,2022,6,9,3,2,0,1,1,6,8,1
50.0,25.0,17.09,92.07,0.0,92.09,92.05,0.0,2022,6,15,2,2,0,1,1,6,8,1
50.0,25.0,16.96,91.94,0.0,91.96,91.92,0.0,2022,6,22,2,2,0,1,1,6,8,1
65.0,0.0,0.0,65.0,0.0,65.0,65.0,0.0,2025,3,27,3,1,0,2,6,6,8,0
50.0,0.0,0.0,50.0,0.0,50.0,50.0,0.0,2025,3,6,3,1,0,2,1,6,9,0
50.0,0.0,0.0,50.0,0.0,50.0,50.0,0.0,2025,3,6,3,1,0,1,1,3,8,0
50.0,0.0,0.0,50.0,0.0,50.0,50.0,0.0,2025,3,6,3,1,0,3,1,6,8,0
50.0,0.0,0.0,50.0,0.0,50.0,50.0,0.0,2025,3,6,3,1,0,1,1,6,8,0
50.0,0.0,0.0,50.0,0.0,50.0,50.0,0.0,2025,3,6,3,1,0,1,1,6,8,0
115.0,0.0,0.0,115.0,0.0,115.0,115.0,0.0,2024,11,14,3,4,0,1,6,6,8,1
35.0,0.0,0.0,35.0,0.0,35.0,35.0,0.0,2024,11,16,5,4,1,1,6,6,5,2
35.0,0.0,0.0,35.0,0.0,35.0,35.0,0.0,2024,11,15,4,4,0,1,6,6,8,2
50.0,0.0,0.0,50.0,0.0,50.0,50.0,0.0,2024,11,13,2,4,0,3,7,6,8,2
50.0,0.0,0.0,50.0,0.0,50.0,50.0,0.0,2024,11,13,2,4,0,5,7,3,4,2
150.0,0.0,0.0,201.25599999999997,0.0,150.0,201.25599999999997,0.0,2024,11,13,2,4,0,2,7,6,1,1
65.0,0.0,0.0,65.0,0.0,65.0,65.0,0.0,2025,5,6,1,2,0,2,6,6,6,0
50.0,0.0,0.0,50.0,0.0,50.0,50.0,0.0,2025,3,6,3,1,0,2,1,6,8,0
50.0,0.0,0.0,50.0,0.0,50.0,50.0,0.0,2025,9,19,4,3,0,0,1,6,8,2
50.0,0.0,0.0,50.0,0.0,50.0,50.0,0.0,2025,3,22,5,1,1,0,1,6,8,0
50.0,25.0,0.0,75.0,0.0,75.0,75.0,0.0,2025,3,6,3,1,0,0,1,6,8,0
50.0,25.0,13.89,88.82,0.0,88.89,88.75,0.0,2022,6,20,0,2,0,3,1,6,8,1
50.0,25.0,16.81,91.81,0.0,91.81,91.81,0.0,2022,6,24,4,2,0,3,1,6,8,1
50.0,0.0,0.0,50.0,0.0,50.0,50.0,0.0,2025,3,11,1,1,0,3,1,6,8,0
50.0,0.0,0.0,50.0,0.0,50.0,50.0,0.0,2025,3,6,3,1,0,3,1,6,8,0
50.0,0.0,0.0,50.0,0.0,50.0,50.0,0.0,2025,3,6,3,1,0,3,1,6,8,0
50.0,0.0,0.0,50.0,0.0,50.0,50.0,0.0,2025,3,6,3,1,0,3,1,6,8,0
50.0,0.0,0.0,50.0,0.0,50.0,50.0,0.0,2025,3,6,3,1,0,0,1,6,8,0
50.0,0.0,0.0,50.0,0.0,50.0,50.0,0.0,2025,3,6,3,1,0,3,1,6,8,0
100.0,0.0,0.0,100.0,0.0,100.0,100.0,0.0,2024,11,13,2,4,0,3,7,6,8,1
50.0,0.0,0.0,50.0,0.0,50.0,50.0,0.0,2024,11,13,2,4,0,4,7,6,8,2
150.0,0.0,0.0,150.0,0.0,150.0,150.0,0.0,2024,11,13,2,4,0,5,7,6,8,1
65.0,0.0,0.0,65.0,0.0,65.0,65.0,0.0,2025,5,6,1,2,0,2,6,6,8,0
65.0,0.0,0.0,65.0,0.0,65.0,65.0,0.0,2025,4,11,4,2,0,2,0,6,8,0
65.0,0.0,0.0,65.0,0.0,65.0,65.0,0.0,2025,4,15,1,2,0,2,0,6,8,0
65.0,0.0,0.0,65.0,0.0,65.0,65.0,0.0,2025,4,15,1,2,0,1,0,6,8,0
50.0,0.0,0.0,50.0,0.0,50.0,50.0,0.0,2025,3,6,3,1,0,3,1,6,8,0
50.0,0.0,0.0,50.0,0.0,50.0,50.0,0.0,2025,3,6,3,1,0,0,1,6,8,0
50.0,0.0,0.0,50.0,0.0,50.0,50.0,0.0,2025,3,6,3,1,0,3,1,6,8,0
59.94399185336049,4.760692464358452,1.0263034623217924,63.7833401221996,0.1069246435845213,65.73098778004073,61.94261710794298,0.0016267006962124,2023,9,21,3,3,0,5,8,6,8,2
50.0,0.0,0.0,50.0,0.0,50.0,50.0,0.0,2025,11,4,1,4,0,1,7,6,5,2
50.0,0.0,0.0,50.0,0.0,50.0,50.0,0.0,2025,11,4,1,4,0,2,7,6,8,2
50.0,0.0,0.0,50.0,0.0,50.0,50.0,0.0,2025,11,4,1,4,0,5,7,6,8,2
115.0,0.0,0.0,115.0,0.0,115.0,115.0,0.0,2024,11,18,0,4,0,1,6,6,6,1
50.0,0.0,0.0,50.0,0.0,50.0,50.0,0.0,2024,11,13,2,4,0,5,7,6,8,2
50.0,0.0,0.0,50.0,0.0,50.0,50.0,0.0,2024,11,13,2,4,0,3,7,6,8,2
115.0,0.0,0.0,115.0,0.0,115.0,115.0,0.0,2024,11,19,1,4,0,1,6,6,8,1
50.0,0.0,0.0,50.0,0.0,50.0,50.0,0.0,2024,11,13,2,4,0,5,7,6,8,2
50.0,0.0,0.0,50.0,0.0,50.0,50.0,0.0,2024,11,13,2,4,0,4,7,6,8,2
50.0,25.0,0.0,50.0,0.0,75.0,25.0,0.0,2025,9,23,1,3,0,1,1,6,8,2
50.0,0.0,0.0,50.0,0.0,50.0,50.0,0.0,2025,9,24,2,3,0,1,1,6,8,2
65.0,0.0,0.0,65.0,0.0,65.0,65.0,0.0,2025,5,6,1,2,0,2,6,6,8,0
50.0,0.0,0.0,50.0,0.0,50.0,50.0,0.0,2025,3,11,1,1,0,3,1,6,8,0
50.0,0.0,0.0,50.0,0.0,50.0,50.0,0.0,2025,3,22,5,1,1,3,1,6,8,0
65.0,0.0,0.0,65.0,0.0,65.0,65.0,0.0,2025,4,15,1,2,0,1,0,6,1,0
65.0,0.0,0.0,65.0,0.0,65.0,65.0,0.0,2025,4,15,1,2,0,1,0,6,8,0
50.0,0.0,0.0,50.0,0.0,50.0,50.0,0.0,2025,3,6,3,1,0,2,1,6,8,0
50.0,25.0,0.0,75.0,0.0,75.0,75.0,0.0,2025,9,23,1,3,0,4,1,6,8,2
115.0,0.0,0.0,115.0,0.0,115.0,115.0,0.0,2022,7,21,3,3,0,1,6,3,8,1
50.0,0.0,0.0,50.0,0.0,50.0,50.0,0.0,2024,11,13,2,4,0,3,7,6,8,2
50.0,0.0,0.0,50.0,0.0,50.0,50.0,0.0,2024,11,13,2,4,0,5,7,6,8,2
100.0,0.0,0.0,100.0,0.0,100.0,100.0,0.0,2024,11,13,2,4,0,5,7,6,8,1
100.0,0.0,0.0,100.0,0.0,100.0,100.0,0.0,2024,11,13,2,4,0,5,7,6,8,1
50.0,0.0,0.0,50.0,0.0,50.0,50.0,0.0,2024,11,13,2,4,0,5,7,6,8,2
50.0,0.0,0.0,50.0,0.0,50.0,50.0,0.0,2024,11,13,2,4,0,5,7,6,8,2
50.0,0.0,0.0,50.0,0.0,50.0,50.0,0.0,2025,3,6,3,1,0,2,1,6,8,0
50.0,25.0,0.0,75.0,0.0,75.0,75.0,0.0,2025,9,19,4,3,0,3,1,6,8,2
35.0,0.0,0.0,35.0,0.0,35.0,35.0,0.0,2025,4,10,3,2,0,2,6,3,8,0
50.0,0.0,0.0,50.0,0.0,50.0,50.0,0.0,2025,9,19,4,3,0,0,1,6,8,2
50.0,0.0,0.0,50.0,0.0,50.0,50.0,0.0,2025,3,22,5,1,1,1,1,3,8,0
50.0,0.0,0.0,50.0,0.0,50.0,50.0,0.0,2025,3,22,5,1,1,4,1,6,11,0
50.0,0.0,0.0,50.0,0.0,50.0,50.0,0.0,2025,3,11,1,1,0,0,1,6,7,0
65.0,0.0,0.0,65.0,0.0,65.0,65.0,0.0,2025,4,15,1,2,0,3,0,6,8,0
65.0,0.0,0.0,40.0,0.0,65.0,15.0,0.0,2025,4,15,1,2,0,1,0,4,1,0
50.0,0.0,0.0,50.0,0.0,50.0,50.0,0.0,2025,3,22,5,1,1,4,1,6,8,0
59.94399185336049,4.760692464358452,1.0263034623217924,63.7833401221996,0.1069246435845213,65.73098778004073,61.94261710794298,0.0016267006962124,2023,9,21,3,3,0,5,8,6,8,2
95.0,0.0,0.0,95.0,0.0,95.0,95.0,0.0,2025,4,21,0,2,0,5,5,6,8,1
65.0,10.0,0.0,0.0,0.0,75.0,-55.09999999999991,0.0,2025,3,17,0,1,0,2,6,5,1,0
50.0,0.0,0.0,50.0,0.0,50.0,50.0,0.0,2024,11,13,2,4,0,5,7,6,8,2
50.0,0.0,0.0,50.0,0.0,50.0,50.0,0.0,2024,11,13,2,4,0,5,7,6,8,2
95.0,10.0,0.0,105.0,0.0,105.0,105.0,0.0,2025,3,24,0,1,0,1,5,6,8,1
50.0,25.0,0.0,75.0,0.0,75.0,75.0,0.0,2025,9,23,1,3,0,3,1,6,8,2
50.0,25.0,1.88,76.86,0.0,76.88,76.84,0.0,2025,2,7,4,1,0,1,1,3,8,0
50.0,0.0,0.0,50.0,0.0,50.0,50.0,0.0,2025,3,22,5,1,1,2,1,6,8,0
50.0,0.0,0.0,50.0,0.0,50.0,50.0,0.0,2025,3,22,5,1,1,3,1,6,8,0
65.0,0.0,0.0,0.0,0.0,65.0,-55.09999999999991,0.0,2023,5,15,0,2,0,2,6,5,8,2
50.0,0.0,0.0,50.0,0.0,50.0,50.0,0.0,2025,3,11,1,1,0,1,1,6,8,0
50.0,0.0,0.0,50.0,0.0,50.0,50.0,0.0,2025,3,11,1,1,0,3,1,6,8,0
115.0,0.0,0.0,115.0,0.0,115.0,115.0,0.0,2025,4,10,3,2,0,1,0,6,8,1
50.0,25.0,0.0,75.0,0.0,75.0,75.0,0.0,2025,2,23,6,1,1,0,1,6,8,0
50.0,25.0,0.0,75.0,0.0,75.0,75.0,0.0,2025,2,23,6,1,1,1,1,3,8,0
115.0,10.0,0.0,125.0,0.0,125.0,125.0,0.0,2023,11,17,4,4,0,5,5,6,8,1
115.0,30.0,0.0,145.0,0.0,145.0,145.0,0.0,2025,2,22,5,1,1,1,5,6,8,1
65.0,0.0,0.0,65.0,0.0,65.0,65.0,0.0,2025,3,19,2,1,0,2,6,3,8,0
150.0,0.0,0.0,150.0,0.0,150.0,150.0,0.0,2025,11,4,1,4,0,5,7,6,8,1
65.0,0.0,0.0,65.0,0.0,65.0,65.0,0.0,2025,4,15,1,2,0,1,0,6,8,0
65.0,0.0,0.0,65.0,0.0,65.0,65.0,0.0,2025,4,11,4,2,0,2,0,6,8,0
50.0,0.0,0.0,50.0,0.0,50.0,50.0,0.0,2025,2,23,6,1,1,1,1,6,8,0
35.0,0.0,0.0,35.0,0.0,35.0,35.0,0.0,2025,4,10,3,2,0,2,6,6,8,0
50.0,0.0,0.0,50.0,0.0,50.0,50.0,0.0,2025,9,19,4,3,0,3,1,6,8,2
50.0,0.0,0.0,50.0,0.0,50.0,50.0,0.0,2024,11,13,2,4,0,5,7,3,6,2
50.0,0.0,0.0,50.0,0.0,50.0,50.0,0.0,2024,11,13,2,4,0,3,7,3,8,2
50.0,0.0,0.0,50.0,0.0,50.0,50.0,0.0,2024,11,13,2,4,0,3,7,6,8,2
50.0,0.0,0.0,50.0,0.0,50.0,50.0,0.0,2024,11,13,2,4,0,5,7,6,8,2
50.0,0.0,0.0,50.0,0.0,50.0,50.0,0.0,2025,3,22,5,1,1,3,1,6,8,0
50.0,0.0,0.0,50.0,0.0,50.0,50.0,0.0,2025,9,19,4,3,0,3,1,6,8,2
50.0,0.0,0.0,50.0,0.0,50.0,50.0,0.0,2025,9,19,4,3,0,3,1,6,8,2
50.0,0.0,0.0,50.0,0.0,50.0,50.0,0.0,2025,11,4,1,4,0,5,7,6,11,2
65.0,0.0,0.0,65.0,0.0,65.0,65.0,0.0,2025,4,12,5,2,1,2,6,6,8,0
50.0,0.0,0.0,50.0,0.0,50.0,50.0,0.0,2025,3,22,5,1,1,3,1,6,8,0
50.0,0.0,0.0,50.0,0.0,50.0,50.0,0.0,2025,9,19,4,3,0,1,1,6,8,2
50.0,0.0,0.0,50.0,0.0,50.0,50.0,0.0,2025,3,11,1,1,0,0,1,6,8,0
50.0,0.0,0.0,50.0,0.0,50.0,50.0,0.0,2024,11,13,2,4,0,1,7,6,8,2
50.0,0.0,0.0,50.0,0.0,50.0,50.0,0.0,2024,11,13,2,4,0,4,7,6,8,2
50.0,0.0,0.0,50.0,0.0,50.0,50.0,0.0,2024,11,13,2,4,0,5,7,6,8,2
50.0,0.0,0.0,50.0,0.0,50.0,50.0,0.0,2024,11,13,2,4,0,4,7,6,8,2
100.0,0.0,0.0,100.0,0.0,100.0,100.0,0.0,2025,1,15,2,1,0,5,7,6,8,1
50.0,0.0,0.0,50.0,0.0,50.0,50.0,0.0,2025,3,11,1,1,0,3,1,6,8,0
50.0,0.0,0.0,50.0,0.0,50.0,50.0,0.0,2025,3,6,3,1,0,1,1,6,8,0
50.0,0.0,0.0,50.0,0.0,50.0,50.0,0.0,2025,3,11,1,1,0,3,1,6,8,0
115.0,0.0,0.0,115.0,0.0,115.0,115.0,0.0,2025,4,11,4,2,0,0,0,6,8,1
65.0,0.0,0.0,65.0,0.0,65.0,65.0,0.0,2025,4,15,1,2,0,1,0,6,8,0
95.0,10.0,0.0,0.0,0.1069246435845213,105.0,0.0,0.0010183299389002,2023,7,25,1,3,0,1,5,6,8,2
50.0,0.0,0.0,50.0,0.0,50.0,50.0,0.0,2025,11,4,1,4,0,1,7,6,8,2
150.0,60.0,3.67,201.25599999999997,0.0,213.67,201.23599999999996,0.0,2024,5,23,3,2,0,0,5,6,8,1
50.0,0.0,0.0,50.0,0.0,50.0,50.0,0.0,2025,9,19,4,3,0,2,1,6,8,2
50.0,25.0,0.0,75.0,0.0,75.0,75.0,0.0,2025,2,23,6,1,1,0,1,6,8,0
115.0,0.0,0.0,115.0,0.0,115.0,115.0,0.0,2025,6,20,4,2,0,5,5,6,8,1
50.0,0.0,0.0,50.0,0.0,50.0,50.0,0.0,2025,3,23,6,1,1,1,1,6,8,0
50.0,0.0,0.0,50.0,0.0,50.0,50.0,0.0,2025,9,19,4,3,0,1,1,6,8,2
50.0,0.0,0.0,50.0,0.0,50.0,50.0,0.0,2024,11,13,2,4,0,3,7,6,8,2
50.0,0.0,0.0,50.0,0.0,50.0,50.0,0.0,2024,11,13,2,4,0,5,7,3,8,2
50.0,0.0,0.0,50.0,0.0,50.0,50.0,0.0,2024,11,13,2,4,0,3,7,6,6,2
50.0,0.0,0.0,50.0,0.0,50.0,50.0,0.0,2025,3,11,1,1,0,3,1,6,8,0
50.0,0.0,0.0,50.0,0.0,50.0,50.0,0.0,2025,3,11,1,1,0,1,1,6,8,0
50.0,0.0,0.0,50.0,0.0,50.0,50.0,0.0,2025,3,11,1,1,0,4,1,6,8,0
50.0,0.0,0.0,50.0,0.0,50.0,50.0,0.0,2025,3,6,3,1,0,3,1,6,8,0
50.0,0.0,0.0,50.0,0.0,50.0,50.0,0.0,2025,3,11,1,1,0,4,1,6,11,0
50.0,0.0,0.0,50.0,0.0,50.0,50.0,0.0,2025,3,6,3,1,0,4,1,6,8,0
50.0,0.0,0.0,50.0,0.0,50.0,50.0,0.0,2025,3,6,3,1,0,3,1,6,8,0
50.0,0.0,0.0,50.0,0.0,50.0,50.0,0.0,2025,3,11,1,1,0,1,1,6,8,0
65.0,0.0,0.0,65.0,0.0,65.0,65.0,0.0,2025,4,11,4,2,0,1,0,6,8,0
65.0,0.0,0.0,65.0,0.0,65.0,65.0,0.0,2025,4,15,1,2,0,1,0,6,11,0
50.0,0.0,0.0,50.0,0.0,50.0,50.0,0.0,2025,3,6,3,1,0,3,1,6,8,0
50.0,25.0,0.0,75.0,0.0,75.0,75.0,0.0,2025,2,23,6,1,1,1,1,6,8,0
50.0,25.0,0.0,75.0,0.0,75.0,75.0,0.0,2025,9,23,1,3,0,2,1,6,8,2
65.0,0.0,0.0,65.0,0.0,65.0,65.0,0.0,2025,4,12,5,2,1,2,6,6,8,0
50.0,0.0,0.0,50.0,0.0,50.0,50.0,0.0,2025,9,19,4,3,0,4,1,6,8,2
50.0,0.0,0.0,50.0,0.0,50.0,50.0,0.0,2025,9,24,2,3,0,2,1,6,8,2
50.0,0.0,0.0,50.0,0.0,50.0,50.0,0.0,2025,9,19,4,3,0,1,1,6,8,2
50.0,25.0,1.86,76.73,0.0,76.86,76.60000000000001,0.0,2025,2,7,4,1,0,1,1,6,8,0
65.0,60.0,18.129699999999985,189.4,0.0,143.1297,189.09,0.0,2018,11,13,1,4,0,3,6,6,1,1
50.0,0.0,0.0,50.0,0.0,50.0,50.0,0.0,2024,11,13,2,4,0,1,7,3,8,2
50.0,0.0,0.0,50.0,0.0,50.0,50.0,0.0,2024,11,13,2,4,0,5,7,6,1,2
65.0,0.0,0.0,65.0,0.0,65.0,65.0,0.0,2025,4,12,5,2,1,0,0,6,8,0
50.0,0.0,0.0,50.0,0.0,50.0,50.0,0.0,2025,3,23,6,1,1,3,1,6,8,0
50.0,0.0,0.0,50.0,0.0,50.0,50.0,0.0,2025,3,23,6,1,1,1,1,6,6,0
50.0,0.0,0.0,50.0,0.0,50.0,50.0,0.0,2025,3,6,3,1,0,0,1,6,8,0
50.0,0.0,0.0,50.0,0.0,50.0,50.0,0.0,2025,3,6,3,1,0,1,1,6,8,0
50.0,0.0,0.0,50.0,0.0,50.0,50.0,0.0,2025,3,6,3,1,0,0,1,6,8,0
50.0,0.0,0.0,50.0,0.0,50.0,50.0,0.0,2025,3,6,3,1,0,3,1,6,11,0
50.0,0.0,0.0,50.0,0.0,50.0,50.0,0.0,2025,9,19,4,3,0,1,1,6,6,2
50.0,0.0,0.0,50.0,0.0,50.0,50.0,0.0,2024,11,13,2,4,0,2,7,6,8,2
50.0,25.0,1.9,76.86,0.0,76.9,76.82,0.0,2025,2,7,4,1,0,3,1,6,8,0
50.0,0.0,0.0,50.0,0.0,50.0,50.0,0.0,2025,3,23,6,1,1,2,1,6,8,0
50.0,25.0,0.0,75.0,0.0,75.0,75.0,0.0,2025,2,23,6,1,1,1,1,6,8,0
150.0,0.0,0.0,150.0,0.0,150.0,150.0,0.0,2025,3,23,6,1,1,2,7,6,8,1
50.0,0.0,0.0,50.0,0.0,50.0,50.0,0.0,2025,3,11,1,1,0,0,1,6,8,0
115.0,0.0,0.0,0.0,0.0,115.0,-55.09999999999991,0.0,2023,5,13,5,2,1,2,6,5,8,2
50.0,0.0,0.0,50.0,0.0,50.0,50.0,0.0,2025,3,11,1,1,0,3,1,6,8,0
50.0,0.0,0.0,50.0,0.0,50.0,50.0,0.0,2025,3,6,3,1,0,4,1,6,8,0
50.0,0.0,0.0,50.0,0.0,50.0,50.0,0.0,2025,3,6,3,1,0,4,1,6,8,0
115.0,30.0,0.0,145.0,0.0,145.0,145.0,0.0,2025,1,7,1,1,0,2,3,2,8,1
65.0,60.0,0.59,125.5,0.0,125.59,125.41,0.0,2025,1,13,0,1,0,2,3,6,8,1
115.0,0.0,0.0,115.0,0.0,115.0,115.0,0.0,2025,3,4,1,1,0,2,6,3,8,1
115.0,60.0,0.91,175.69,0.0,175.91,175.47,0.0,2025,1,10,4,1,0,2,3,6,6,1
50.0,0.0,0.0,50.0,0.0,50.0,50.0,0.0,2025,11,18,1,4,0,3,1,6,8,2
50.0,25.0,0.0,50.0,0.0,75.0,25.0,0.0,2025,9,23,1,3,0,3,1,6,8,2
50.0,0.0,0.0,50.0,0.0,50.0,50.0,0.0,2025,9,19,4,3,0,0,1,6,8,2
50.0,0.0,0.0,50.0,0.0,50.0,50.0,0.0,2025,3,11,1,1,0,3,1,6,8,0
50.0,0.0,0.0,50.0,0.0,50.0,50.0,0.0,2025,3,6,3,1,0,0,1,6,8,0
50.0,0.0,0.0,50.0,0.0,50.0,50.0,0.0,2024,11,13,2,4,0,5,7,6,6,2
50.0,0.0,0.0,50.0,0.0,50.0,50.0,0.0,2025,3,6,3,1,0,4,1,6,8,0
50.0,0.0,0.0,50.0,0.0,50.0,50.0,0.0,2025,3,11,1,1,0,2,1,6,8,0
50.0,0.0,0.0,50.0,0.0,50.0,50.0,0.0,2025,3,11,1,1,0,0,1,6,8,0
65.0,0.0,0.0,65.0,0.0,65.0,65.0,0.0,2025,4,11,4,2,0,2,0,6,8,0
65.0,0.0,0.0,65.0,0.0,65.0,65.0,0.0,2025,4,11,4,2,0,2,0,6,8,0
65.0,0.0,0.0,65.0,0.0,65.0,65.0,0.0,2025,4,15,1,2,0,2,0,6,8,0
65.0,0.0,0.0,65.0,0.0,65.0,65.0,0.0,2025,4,15,1,2,0,0,0,6,6,0
50.0,0.0,0.0,50.0,0.0,50.0,50.0,0.0,2025,3,6,3,1,0,1,1,6,8,0
50.0,0.0,0.0,50.0,0.0,50.0,50.0,0.0,2025,3,6,3,1,0,0,1,6,8,0
50.0,0.0,0.0,50.0,0.0,50.0,50.0,0.0,2025,11,4,1,4,0,5,7,6,8,2
50.0,25.0,0.0,75.0,0.0,75.0,75.0,0.0,2025,2,23,6,1,1,4,1,6,8,0
50.0,0.0,0.0,50.0,0.0,50.0,50.0,0.0,2025,11,18,1,4,0,3,1,6,8,2
50.0,0.0,0.0,50.0,0.0,50.0,50.0,0.0,2024,11,13,2,4,0,1,7,6,8,2
50.0,0.0,0.0,50.0,0.0,50.0,50.0,0.0,2025,9,24,2,3,0,3,1,6,8,2
50.0,25.0,2.16,77.16,0.0,77.16,77.16,0.0,2025,1,9,3,1,0,3,1,6,8,0
50.0,0.0,0.0,50.0,0.0,50.0,50.0,0.0,2025,3,23,6,1,1,3,1,6,8,0
50.0,25.0,0.0,75.0,0.0,75.0,75.0,0.0,2025,3,11,1,1,0,0,1,6,8,0
65.0,0.0,0.0,65.0,0.0,65.0,65.0,0.0,2025,3,27,3,1,0,2,6,6,8,0
50.0,0.0,0.0,50.0,0.0,50.0,50.0,0.0,2025,9,24,2,3,0,3,1,6,8,2
50.0,25.0,17.46,92.37,0.0,92.46,92.28,0.0,2022,6,24,4,2,0,3,1,6,8,1
50.0,0.0,0.0,50.0,0.0,50.0,50.0,0.0,2025,3,11,1,1,0,3,1,6,8,0
50.0,0.0,0.0,50.0,0.0,50.0,50.0,0.0,2025,3,6,3,1,0,1,1,6,8,0
50.0,0.0,0.0,50.0,0.0,50.0,50.0,0.0,2025,3,11,1,1,0,0,1,6,8,0
50.0,0.0,0.0,50.0,0.0,50.0,50.0,0.0,2025,3,6,3,1,0,0,1,6,11,0
50.0,0.0,0.0,50.0,0.0,50.0,50.0,0.0,2025,9,19,4,3,0,3,1,6,8,2
50.0,0.0,0.0,50.0,0.0,50.0,50.0,0.0,2025,3,6,3,1,0,4,1,6,8,0
65.0,0.0,0.0,65.0,0.0,65.0,65.0,0.0,2025,10,21,1,4,0,1,0,6,8,2
50.0,0.0,0.0,50.0,0.0,50.0,50.0,0.0,2025,9,19,4,3,0,3,1,6,8,2
65.0,0.0,0.0,65.0,0.0,65.0,65.0,0.0,2025,10,6,0,4,0,2,0,6,8,2
65.0,0.0,0.0,65.0,0.0,65.0,65.0,0.0,2025,4,15,1,2,0,2,6,6,8,0
50.0,0.0,0.0,50.0,0.0,50.0,50.0,0.0,2025,9,24,2,3,0,1,1,6,8,2
50.0,0.0,0.0,50.0,0.0,50.0,50.0,0.0,2025,3,23,6,1,1,0,1,6,8,0
65.0,0.0,0.0,65.0,0.0,65.0,65.0,0.0,2025,3,27,3,1,0,2,6,6,8,0
50.0,25.0,17.37,92.33,0.0,92.37,92.29,0.0,2022,6,15,2,2,0,1,1,6,8,1
50.0,25.0,17.33,92.2,0.0,92.33,92.07,0.0,2022,6,22,2,2,0,0,1,6,8,1
60.0,60.0,16.71,136.7,0.0,136.71,136.69,0.0,2023,5,7,6,2,1,0,6,6,8,1
65.0,60.0,17.63,142.35,0.0,142.63,142.07,0.0,2023,5,1,0,2,0,0,6,6,8,1
65.0,0.0,0.0,65.0,0.0,65.0,65.0,0.0,2025,4,3,3,2,0,2,6,6,8,0
50.0,0.0,0.0,50.0,0.0,50.0,50.0,0.0,2025,3,6,3,1,0,2,1,6,1,0
50.0,0.0,0.0,50.0,0.0,50.0,50.0,0.0,2025,9,24,2,3,0,1,1,6,1,2
50.0,0.0,0.0,50.0,0.0,50.0,50.0,0.0,2025,9,24,2,3,0,3,1,6,1,2
50.0,0.0,0.0,50.0,0.0,50.0,50.0,0.0,2025,11,18,1,4,0,2,1,6,8,2
50.0,0.0,0.0,50.0,0.0,50.0,50.0,0.0,2025,3,11,1,1,0,1,1,6,8,0
50.0,0.0,0.0,50.0,0.0,50.0,50.0,0.0,2024,11,13,2,4,0,5,7,6,6,2
50.0,0.0,0.0,50.0,0.0,50.0,50.0,0.0,2024,11,13,2,4,0,3,7,6,8,2
50.0,0.0,0.0,50.0,0.0,50.0,50.0,0.0,2024,11,14,3,4,0,5,7,6,8,2
50.0,0.0,0.0,50.0,0.0,50.0,50.0,0.0,2024,11,14,3,4,0,5,7,6,6,2
50.0,0.0,0.0,50.0,0.0,50.0,50.0,0.0,2025,9,24,2,3,0,3,1,6,8,2
50.0,25.0,2.51,50.0,0.0,77.51,22.49,0.0,2024,12,6,4,4,0,3,1,0,8,2
50.0,0.0,0.0,50.0,0.0,50.0,50.0,0.0,2025,9,24,2,3,0,3,1,6,8,2
50.0,25.0,2.55,77.55,0.0,77.55,77.55,0.0,2024,11,17,6,4,1,3,1,6,8,2
50.0,25.0,2.57,77.51,0.0,77.57,77.45,0.0,2024,11,17,6,4,1,0,1,6,8,2
50.0,25.0,1.41,76.34,0.0,76.41,76.27000000000001,0.0,2025,1,1,2,1,0,3,1,6,8,0
60.0,0.0,0.0,60.0,0.0,60.0,60.0,0.0,2025,4,18,4,2,0,2,6,6,8,0
50.0,25.0,1.3,76.21,0.0,76.3,76.11999999999999,0.0,2025,1,14,1,1,0,4,1,6,8,0
50.0,0.0,0.0,50.0,0.0,50.0,50.0,0.0,2025,3,21,4,1,0,3,1,6,8,0
50.0,0.0,0.0,50.0,0.0,50.0,50.0,0.0,2025,3,22,5,1,1,3,1,6,8,0
50.0,0.0,0.0,50.0,0.0,50.0,50.0,0.0,2025,3,11,1,1,0,0,1,6,8,0
50.0,0.0,0.0,50.0,0.0,50.0,50.0,0.0,2025,3,11,1,1,0,0,1,6,8,0
65.0,0.0,0.0,65.0,0.0,65.0,65.0,0.0,2025,4,15,1,2,0,0,0,6,8,0
65.0,0.0,0.0,65.0,0.0,65.0,65.0,0.0,2025,4,15,1,2,0,1,0,6,8,0
65.0,0.0,0.0,65.0,0.0,65.0,65.0,0.0,2024,7,11,3,3,0,2,6,6,3,2
50.0,0.0,0.0,50.0,0.0,50.0,50.0,0.0,2025,3,6,3,1,0,3,1,6,8,0
50.0,0.0,0.0,50.0,0.0,50.0,50.0,0.0,2024,11,14,3,4,0,5,7,6,8,2
50.0,0.0,0.0,50.0,0.0,50.0,50.0,0.0,2024,11,14,3,4,0,5,7,3,10,2
50.0,25.0,0.0,50.0,0.0,75.0,25.0,0.0,2025,9,23,1,3,0,3,1,6,8,2
50.0,0.0,0.0,50.0,0.0,50.0,50.0,0.0,2025,9,19,4,3,0,0,1,6,8,2
50.0,0.0,0.0,50.0,0.0,50.0,50.0,0.0,2025,9,24,2,3,0,0,1,6,5,2
50.0,0.0,0.0,50.0,0.0,50.0,50.0,0.0,2025,9,24,2,3,0,0,1,6,8,2
50.0,0.0,0.0,50.0,0.0,50.0,50.0,0.0,2025,3,11,1,1,0,3,1,6,8,0
65.0,0.0,0.0,65.0,0.0,65.0,65.0,0.0,2025,4,11,4,2,0,1,0,6,8,0
35.0,0.0,0.0,35.0,0.0,35.0,35.0,0.0,2025,1,16,3,1,0,3,6,6,8,0
65.0,0.0,0.0,65.0,0.0,65.0,65.0,0.0,2025,4,15,1,2,0,1,0,6,8,0
50.0,0.0,0.0,50.0,0.0,50.0,50.0,0.0,2025,3,6,3,1,0,1,1,6,8,0
50.0,0.0,0.0,50.0,0.0,50.0,50.0,0.0,2025,3,6,3,1,0,3,1,6,8,0
65.0,0.0,0.0,50.0,0.0,65.0,35.0,0.0,2024,7,10,2,3,0,2,6,4,1,2
50.0,0.0,0.0,50.0,0.0,50.0,50.0,0.0,2024,11,14,3,4,0,5,7,6,6,2
115.0,0.0,0.0,90.0,0.0,115.0,65.0,0.0,2024,7,11,3,3,0,2,6,4,1,1
50.0,0.0,0.0,50.0,0.0,50.0,50.0,0.0,2024,11,14,3,4,0,5,7,6,8,2
50.0,0.0,0.0,50.0,0.0,50.0,50.0,0.0,2024,11,14,3,4,0,5,7,6,8,2
50.0,25.0,0.0,75.0,0.0,75.0,75.0,0.0,2025,2,23,6,1,1,0,1,6,8,0
50.0,25.0,0.0,75.0,0.0,75.0,75.0,0.0,2025,3,6,3,1,0,0,1,6,8,0
50.0,0.0,0.0,50.0,0.0,50.0,50.0,0.0,2025,3,11,1,1,0,3,1,6,8,0
50.0,0.0,0.0,50.0,0.0,50.0,50.0,0.0,2025,3,11,1,1,0,3,1,6,8,0
50.0,0.0,0.0,50.0,0.0,50.0,50.0,0.0,2025,3,11,1,1,0,1,1,6,8,0
65.0,0.0,0.0,65.0,0.0,65.0,65.0,0.0,2025,4,11,4,2,0,1,0,6,8,0
65.0,0.0,0.0,65.0,0.0,65.0,65.0,0.0,2025,4,11,4,2,0,1,0,6,8,0
50.0,0.0,0.0,50.0,0.0,50.0,50.0,0.0,2025,3,6,3,1,0,3,1,6,8,0
50.0,0.0,0.0,50.0,0.0,50.0,50.0,0.0,2024,12,29,6,4,1,4,1,6,8,2
50.0,0.0,0.0,50.0,0.0,50.0,50.0,0.0,2025,3,6,3,1,0,4,1,6,8,0
50.0,0.0,0.0,50.0,0.0,50.0,50.0,0.0,2025,3,6,3,1,0,3,1,6,8,0
50.0,0.0,0.0,50.0,0.0,50.0,50.0,0.0,2025,3,6,3,1,0,3,1,6,8,0
50.0,0.0,0.0,50.0,0.0,50.0,50.0,0.0,2024,11,14,3,4,0,2,7,6,6,2
50.0,0.0,0.0,50.0,0.0,50.0,50.0,0.0,2024,11,14,3,4,0,5,7,6,8,2
50.0,0.0,0.0,50.0,0.0,50.0,50.0,0.0,2024,11,14,3,4,0,5,7,6,8,2
59.94399185336049,4.760692464358452,1.0263034623217924,63.7833401221996,0.1069246435845213,65.73098778004073,61.94261710794298,0.0016267006962124,2022,7,9,5,3,1,5,8,6,8,2
50.0,25.0,0.0,75.0,0.0,75.0,75.0,0.0,2025,2,23,6,1,1,0,1,6,8,0
50.0,0.0,0.0,50.0,0.0,50.0,50.0,0.0,2025,11,18,1,4,0,2,1,6,8,2
50.0,0.0,0.0,50.0,0.0,50.0,50.0,0.0,2025,9,24,2,3,0,1,1,6,8,2
50.0,25.0,0.0,50.0,0.0,75.0,25.0,0.0,2025,9,23,1,3,0,3,1,6,8,2
50.0,0.0,0.0,50.0,0.0,50.0,50.0,0.0,2025,3,11,1,1,0,3,1,6,8,0
50.0,0.0,0.0,50.0,0.0,50.0,50.0,0.0,2025,3,6,3,1,0,0,1,6,8,0
50.0,0.0,0.0,50.0,0.0,50.0,50.0,0.0,2024,12,29,6,4,1,0,1,6,8,2
50.0,0.0,0.0,50.0,0.0,50.0,50.0,0.0,2025,3,6,3,1,0,1,1,6,8,0
65.0,0.0,0.0,65.0,0.0,65.0,65.0,0.0,2025,4,11,4,2,0,1,0,6,8,0
65.0,0.0,0.0,65.0,0.0,65.0,65.0,0.0,2025,4,15,1,2,0,0,0,6,8,0
59.94399185336049,4.760692464358452,1.0263034623217924,63.7833401221996,0.1069246435845213,65.73098778004073,61.94261710794298,0.0016267006962124,2022,7,14,3,3,0,5,8,6,8,2
115.0,60.0,18.129699999999985,201.25599999999997,0.0,193.1297,201.16599999999997,0.0,2021,7,14,2,3,0,1,6,6,8,1
50.0,0.0,0.0,50.0,0.0,50.0,50.0,0.0,2024,11,14,3,4,0,5,7,6,8,2
50.0,0.0,0.0,50.0,0.0,50.0,50.0,0.0,2024,11,14,3,4,0,5,7,3,8,2
50.0,0.0,0.0,50.0,0.0,50.0,50.0,0.0,2024,11,14,3,4,0,5,7,6,8,2
50.0,0.0,0.0,0.0,0.0,50.0,-50.0,0.0,2025,9,23,1,3,0,0,1,6,8,2
50.0,25.0,0.0,50.0,0.0,75.0,25.0,0.0,2025,9,23,1,3,0,0,1,6,8,2
50.0,0.0,0.0,50.0,0.0,50.0,50.0,0.0,2025,9,19,4,3,0,1,1,6,8,2
115.0,0.0,0.0,115.0,0.0,115.0,115.0,0.0,2025,4,18,4,2,0,2,6,6,8,1
65.0,0.0,0.0,65.0,0.0,65.0,65.0,0.0,2025,4,3,3,2,0,2,6,6,8,0
115.0,0.0,0.0,115.0,0.0,115.0,115.0,0.0,2025,4,3,3,2,0,2,6,6,8,1
50.0,0.0,0.0,50.0,0.0,50.0,50.0,0.0,2025,3,11,1,1,0,0,1,6,1,0
50.0,0.0,0.0,50.0,0.0,50.0,50.0,0.0,2025,3,11,1,1,0,1,1,6,8,0
65.0,0.0,0.0,65.0,0.0,65.0,65.0,0.0,2025,4,10,3,2,0,1,0,6,8,0
50.0,0.0,0.0,50.0,0.0,50.0,50.0,0.0,2024,11,14,3,4,0,5,7,6,8,2
50.0,0.0,0.0,50.0,0.0,50.0,50.0,0.0,2024,11,14,3,4,0,5,7,6,8,2
50.0,0.0,0.0,50.0,0.0,50.0,50.0,0.0,2024,11,14,3,4,0,5,7,6,1,2
150.0,0.0,0.0,201.25599999999997,0.0,150.0,201.25599999999997,0.0,2025,11,4,1,4,0,2,7,6,8,1
50.0,0.0,0.0,50.0,0.0,50.0,50.0,0.0,2025,9,24,2,3,0,1,1,6,8,2
50.0,0.0,0.0,50.0,0.0,50.0,50.0,0.0,2025,9,24,2,3,0,1,1,4,1,2
60.0,0.0,0.0,60.0,0.0,60.0,60.0,0.0,2025,4,18,4,2,0,2,6,6,8,0
50.0,25.0,0.0,75.0,0.0,75.0,75.0,0.0,2025,9,23,1,3,0,3,1,6,8,2
50.0,0.0,0.0,50.0,0.0,50.0,50.0,0.0,2025,3,23,6,1,1,3,1,6,8,0
65.0,0.0,0.0,65.0,0.0,65.0,65.0,0.0,2025,4,4,4,2,0,2,6,6,8,0
65.0,0.0,0.0,65.0,0.0,65.0,65.0,0.0,2025,4,4,4,2,0,2,6,6,8,0
50.0,0.0,0.0,50.0,0.0,50.0,50.0,0.0,2025,3,11,1,1,0,1,1,6,8,0
50.0,0.0,0.0,50.0,0.0,50.0,50.0,0.0,2025,3,11,1,1,0,3,1,6,8,0
50.0,0.0,0.0,50.0,0.0,50.0,50.0,0.0,2025,3,6,3,1,0,3,1,6,8,0
50.0,0.0,0.0,50.0,0.0,50.0,50.0,0.0,2025,3,11,1,1,0,2,1,6,6,0
50.0,0.0,0.0,50.0,0.0,50.0,50.0,0.0,2025,3,11,1,1,0,0,1,3,8,0
65.0,0.0,0.0,65.0,0.0,65.0,65.0,0.0,2025,4,10,3,2,0,1,0,6,8,0
65.0,0.0,0.0,65.0,0.0,65.0,65.0,0.0,2025,4,7,0,2,0,0,0,6,8,0
65.0,0.0,0.0,65.0,0.0,65.0,65.0,0.0,2025,4,8,1,2,0,0,0,6,8,0
150.0,0.0,0.0,201.25599999999997,0.0,150.0,201.25599999999997,0.0,2025,11,4,1,4,0,2,7,6,8,1
50.0,0.0,0.0,50.0,0.0,50.0,50.0,0.0,2025,3,6,3,1,0,3,1,6,8,0
50.0,25.0,0.0,75.0,0.0,75.0,75.0,0.0,2025,9,23,1,3,0,3,1,6,8,2
50.0,0.0,0.0,50.0,0.0,50.0,50.0,0.0,2025,9,19,4,3,0,3,1,6,8,2
50.0,0.0,0.0,50.0,0.0,50.0,50.0,0.0,2025,3,6,3,1,0,3,1,6,8,0
50.0,0.0,0.0,50.0,0.0,50.0,50.0,0.0,2025,9,24,2,3,0,3,1,6,8,2
50.0,25.0,2.33,77.3,0.0,77.33,77.27,0.0,2024,11,17,6,4,1,0,1,6,8,2
50.0,25.0,1.34,76.08,0.0,76.34,75.82,0.0,2025,1,1,2,1,0,3,1,6,8,0
50.0,25.0,1.08,75.95,0.0,76.08,75.82000000000001,0.0,2025,1,1,2,1,0,0,1,6,8,0
115.0,0.0,0.0,115.0,0.0,115.0,115.0,0.0,2025,4,22,1,2,0,2,6,6,8,1
50.0,0.0,0.0,50.0,0.0,50.0,50.0,0.0,2025,11,18,1,4,0,0,1,6,6,2
65.0,0.0,0.0,65.0,0.0,65.0,65.0,0.0,2025,4,11,4,2,0,0,0,6,8,0
50.0,0.0,0.0,50.0,0.0,50.0,50.0,0.0,2024,11,14,3,4,0,5,7,6,8,2
50.0,0.0,0.0,50.0,0.0,50.0,50.0,0.0,2024,11,14,3,4,0,5,7,6,8,2
65.0,0.0,0.0,65.0,0.0,65.0,65.0,0.0,2025,4,11,4,2,0,1,0,6,8,0
50.0,0.0,0.0,50.0,0.0,50.0,50.0,0.0,2025,3,23,6,1,1,3,1,6,8,0
50.0,0.0,0.0,50.0,0.0,50.0,50.0,0.0,2025,3,6,3,1,0,2,1,6,8,0
50.0,0.0,0.0,50.0,0.0,50.0,50.0,0.0,2025,3,6,3,1,0,0,1,6,8,0
50.0,0.0,0.0,50.0,0.0,50.0,50.0,0.0,2025,3,6,3,1,0,0,1,6,8,0
50.0,0.0,0.0,50.0,0.0,50.0,50.0,0.0,2025,3,6,3,1,0,1,1,6,8,0
50.0,0.0,0.0,50.0,0.0,50.0,50.0,0.0,2025,9,24,2,3,0,3,1,6,8,2
50.0,25.0,0.0,75.0,0.0,75.0,75.0,0.0,2025,2,23,6,1,1,3,1,6,8,0
50.0,0.0,0.0,50.0,0.0,50.0,50.0,0.0,2025,3,23,6,1,1,0,1,6,8,0
50.0,0.0,0.0,50.0,0.0,50.0,50.0,0.0,2024,11,14,3,4,0,3,7,6,8,2
50.0,0.0,0.0,50.0,0.0,50.0,50.0,0.0,2025,3,23,6,1,1,3,1,6,8,0
50.0,0.0,0.0,50.0,0.0,50.0,50.0,0.0,2025,9,24,2,3,0,3,1,6,11,2
50.0,0.0,0.0,50.0,0.0,50.0,50.0,0.0,2025,3,11,1,1,0,3,1,6,11,0
50.0,0.0,0.0,50.0,0.0,50.0,50.0,0.0,2025,3,11,1,1,0,3,1,6,8,0
65.0,0.0,0.0,65.0,0.0,65.0,65.0,0.0,2025,4,12,5,2,1,1,0,6,8,0
65.0,0.0,0.0,65.0,0.0,65.0,65.0,0.0,2025,4,15,1,2,0,1,0,6,8,0
65.0,0.0,0.0,65.0,0.0,65.0,65.0,0.0,2025,4,15,1,2,0,1,0,6,8,0
50.0,0.0,0.0,50.0,0.0,50.0,50.0,0.0,2025,3,6,3,1,0,3,1,6,6,0
50.0,0.0,0.0,50.0,0.0,50.0,50.0,0.0,2025,9,24,2,3,0,3,1,6,8,2
50.0,0.0,0.0,50.0,0.0,50.0,50.0,0.0,2025,9,24,2,3,0,3,1,6,8,2
50.0,0.0,0.0,50.0,0.0,50.0,50.0,0.0,2025,9,24,2,3,0,1,1,6,8,2
50.0,0.0,0.0,50.0,0.0,50.0,50.0,0.0,2024,11,14,3,4,0,4,7,6,8,2
50.0,0.0,0.0,50.0,0.0,50.0,50.0,0.0,2024,11,14,3,4,0,5,7,6,8,2
50.0,0.0,0.0,50.0,0.0,50.0,50.0,0.0,2024,11,14,3,4,0,5,7,6,8,2
115.0,0.0,0.0,115.0,0.0,115.0,115.0,0.0,2025,4,22,1,2,0,2,6,6,8,1
50.0,25.0,0.0,50.0,0.0,75.0,25.0,0.0,2025,3,6,3,1,0,0,1,0,8,0
50.0,0.0,0.0,50.0,0.0,50.0,50.0,0.0,2025,11,19,2,4,0,3,1,6,6,2
50.0,0.0,0.0,50.0,0.0,50.0,50.0,0.0,2025,3,11,1,1,0,0,1,6,8,0
65.0,0.0,0.0,65.0,0.0,65.0,65.0,0.0,2025,4,10,3,2,0,1,0,6,8,0
50.0,0.0,0.0,50.0,0.0,50.0,50.0,0.0,2025,3,6,3,1,0,3,1,6,8,0
50.0,25.0,15.58,90.52,0.0,90.58,90.46,0.0,2023,5,8,0,2,0,1,1,6,8,1
50.0,0.0,0.0,50.0,0.0,50.0,50.0,0.0,2025,9,19,4,3,0,3,1,6,7,2
65.0,0.0,0.0,65.0,0.0,65.0,65.0,0.0,2025,4,4,4,2,0,2,6,6,8,0
50.0,0.0,0.0,50.0,0.0,50.0,50.0,0.0,2025,3,11,1,1,0,1,1,6,8,0
50.0,0.0,0.0,50.0,0.0,50.0,50.0,0.0,2025,3,11,1,1,0,3,1,6,11,0
50.0,0.0,0.0,50.0,0.0,50.0,50.0,0.0,2025,3,6,3,1,0,4,1,6,8,0
50.0,0.0,0.0,50.0,0.0,50.0,50.0,0.0,2025,3,11,1,1,0,0,1,6,8,0
65.0,0.0,0.0,65.0,0.0,65.0,65.0,0.0,2025,4,16,2,2,0,0,0,6,8,0
65.0,0.0,0.0,65.0,0.0,65.0,65.0,0.0,2025,4,11,4,2,0,1,0,6,8,0
95.0,0.0,0.0,95.0,0.0,95.0,95.0,0.0,2025,1,16,3,1,0,3,6,6,5,1
50.0,0.0,0.0,50.0,0.0,50.0,50.0,0.0,2025,3,6,3,1,0,1,1,6,8,0
50.0,0.0,0.0,50.0,0.0,50.0,50.0,0.0,2025,3,6,3,1,0,1,1,6,8,0
50.0,0.0,0.0,50.0,0.0,50.0,50.0,0.0,2025,3,6,3,1,0,3,1,6,8,0
50.0,0.0,0.0,50.0,0.0,50.0,50.0,0.0,2025,3,6,3,1,0,4,1,6,8,0
150.0,0.0,0.0,201.25599999999997,0.0,150.0,201.25599999999997,0.0,2025,11,4,1,4,0,2,7,6,5,1
65.0,0.0,0.0,65.0,0.0,65.0,65.0,0.0,2025,4,15,1,2,0,1,0,6,8,0
65.0,0.0,0.0,65.0,0.0,65.0,65.0,0.0,2025,4,26,5,2,1,2,6,6,8,0
65.0,0.0,0.0,65.0,0.0,65.0,65.0,0.0,2025,4,11,4,2,0,1,0,6,8,0
100.0,0.0,0.0,100.0,0.0,100.0,100.0,0.0,2024,11,14,3,4,0,5,7,6,8,1
150.0,0.0,0.0,150.0,0.0,150.0,150.0,0.0,2024,11,14,3,4,0,5,7,6,8,1
50.0,0.0,0.0,50.0,0.0,50.0,50.0,0.0,2024,11,14,3,4,0,3,7,6,8,2
115.0,0.0,0.0,115.0,0.0,115.0,115.0,0.0,2025,4,29,1,2,0,2,6,6,8,1
50.0,0.0,0.0,50.0,0.0,50.0,50.0,0.0,2024,11,14,3,4,0,3,7,6,6,2
50.0,0.0,0.0,50.0,0.0,50.0,50.0,0.0,2025,3,23,6,1,1,1,1,6,6,0
50.0,0.0,0.0,50.0,0.0,50.0,50.0,0.0,2025,3,6,3,1,0,3,1,6,8,0
50.0,25.0,0.0,75.0,0.0,75.0,75.0,0.0,2025,9,19,4,3,0,0,1,6,8,2
115.0,60.0,18.129699999999985,201.25599999999997,0.0,193.1297,201.25599999999997,0.0,2018,12,14,4,4,0,2,6,6,8,1
50.0,0.0,0.0,50.0,0.0,50.0,50.0,0.0,2024,11,14,3,4,0,5,7,6,8,2
50.0,0.0,0.0,50.0,0.0,50.0,50.0,0.0,2025,11,19,2,4,0,2,1,6,8,2
50.0,0.0,0.0,50.0,0.0,50.0,50.0,0.0,2024,11,14,3,4,0,5,7,6,8,2
65.0,0.0,0.0,65.0,0.0,65.0,65.0,0.0,2025,4,7,0,2,0,2,6,6,8,0
50.0,0.0,0.0,50.0,0.0,50.0,50.0,0.0,2025,9,24,2,3,0,1,1,6,8,2
50.0,0.0,0.0,50.0,0.0,50.0,50.0,0.0,2025,3,11,1,1,0,1,1,6,8,0
50.0,0.0,0.0,50.0,0.0,50.0,50.0,0.0,2024,12,29,6,4,1,1,1,6,8,2
65.0,0.0,0.0,65.0,0.0,65.0,65.0,0.0,2025,4,16,2,2,0,1,0,6,8,0
65.0,0.0,0.0,65.0,0.0,65.0,65.0,0.0,2025,4,8,1,2,0,0,0,6,8,0
115.0,0.0,0.0,115.0,0.0,115.0,115.0,0.0,2025,4,16,2,2,0,2,3,6,8,1
65.0,30.0,0.0,95.0,0.0,95.0,95.0,0.0,2025,3,6,3,1,0,2,3,6,3,0
50.0,25.0,0.0,75.0,0.0,75.0,75.0,0.0,2025,9,23,1,3,0,3,1,6,8,2
115.0,0.0,0.0,115.0,0.0,115.0,115.0,0.0,2022,8,8,0,3,0,2,6,3,1,1
59.94399185336049,4.760692464358452,1.0263034623217924,63.7833401221996,0.1069246435845213,65.73098778004073,61.94261710794298,0.0016267006962124,2023,5,26,4,2,0,5,8,6,1,2
65.0,0.0,0.0,65.0,0.0,65.0,65.0,0.0,2025,4,7,0,2,0,2,6,6,8,0
50.0,0.0,0.0,50.0,0.0,50.0,50.0,0.0,2025,9,19,4,3,0,3,1,6,6,2
50.0,0.0,0.0,50.0,0.0,50.0,50.0,0.0,2025,9,19,4,3,0,3,1,6,8,2
50.0,0.0,0.0,50.0,0.0,50.0,50.0,0.0,2025,3,11,1,1,0,0,1,6,8,0
50.0,0.0,0.0,50.0,0.0,50.0,50.0,0.0,2025,3,11,1,1,0,4,1,6,8,0
50.0,0.0,0.0,50.0,0.0,50.0,50.0,0.0,2025,3,11,1,1,0,0,1,6,8,0
65.0,0.0,0.0,65.0,0.0,65.0,65.0,0.0,2025,4,9,2,2,0,0,0,6,8,0
50.0,0.0,0.0,50.0,0.0,50.0,50.0,0.0,2025,3,6,3,1,0,0,1,6,8,0
65.0,0.0,0.0,65.0,0.0,65.0,65.0,0.0,2025,4,15,1,2,0,3,0,6,8,0
65.0,0.0,0.0,65.0,0.0,65.0,65.0,0.0,2025,4,10,3,2,0,1,0,6,8,0
50.0,0.0,0.0,50.0,0.0,50.0,50.0,0.0,2025,11,19,2,4,0,1,1,6,8,2
50.0,0.0,0.0,50.0,0.0,50.0,50.0,0.0,2025,3,6,3,1,0,3,1,6,8,0
50.0,25.0,0.0,75.0,0.0,75.0,75.0,0.0,2025,9,23,1,3,0,4,1,6,8,2
50.0,0.0,0.0,50.0,0.0,50.0,50.0,0.0,2024,11,14,3,4,0,5,7,6,8,2
50.0,0.0,0.0,50.0,0.0,50.0,50.0,0.0,2025,9,19,4,3,0,4,1,6,8,2
50.0,0.0,0.0,50.0,0.0,50.0,50.0,0.0,2025,9,19,4,3,0,3,1,6,8,2
115.0,0.0,0.0,115.0,0.0,115.0,115.0,0.0,2025,4,29,1,2,0,2,6,6,8,1
50.0,0.0,0.0,50.0,0.0,50.0,50.0,0.0,2025,9,24,2,3,0,3,1,6,8,2
50.0,0.0,0.0,50.0,0.0,50.0,50.0,0.0,2025,3,23,6,1,1,0,1,6,8,0
65.0,60.0,14.11,139.11,0.0,139.11,139.11,0.0,2023,4,15,5,2,1,1,6,6,8,1
50.0,0.0,0.0,50.0,0.0,50.0,50.0,0.0,2025,3,11,1,1,0,3,1,6,8,0
50.0,0.0,0.0,50.0,0.0,50.0,50.0,0.0,2025,3,11,1,1,0,3,1,6,8,0
115.0,0.0,0.0,115.0,0.0,115.0,115.0,0.0,2025,4,10,3,2,0,1,0,6,8,1
50.0,0.0,0.0,50.0,0.0,50.0,50.0,0.0,2025,9,19,4,3,0,1,1,6,8,2
50.0,0.0,0.0,50.0,0.0,50.0,50.0,0.0,2024,11,14,3,4,0,3,7,6,8,2
50.0,0.0,0.0,0.0,0.0,50.0,-50.0,0.0,2024,11,14,3,4,0,5,7,5,8,2
50.0,0.0,0.0,50.0,0.0,50.0,50.0,0.0,2025,9,19,4,3,0,3,1,6,8,2
50.0,0.0,0.0,50.0,0.0,50.0,50.0,0.0,2025,9,24,2,3,0,1,1,6,8,2
115.0,0.0,0.0,115.0,0.0,115.0,115.0,0.0,2025,4,29,1,2,0,2,6,6,8,1
50.0,0.0,0.0,50.0,0.0,50.0,50.0,0.0,2025,3,23,6,1,1,1,1,6,8,0
50.0,0.0,0.0,50.0,0.0,50.0,50.0,0.0,2025,3,23,6,1,1,2,1,6,8,0
95.0,10.0,0.0,95.0,0.0,105.0,85.0,0.0,2025,3,26,2,1,0,2,6,6,8,1
50.0,0.0,0.0,50.0,0.0,50.0,50.0,0.0,2025,3,11,1,1,0,4,1,6,8,0
50.0,0.0,0.0,50.0,0.0,50.0,50.0,0.0,2025,3,11,1,1,0,3,1,6,8,0
115.0,0.0,0.0,115.0,0.0,115.0,115.0,0.0,2025,4,18,4,2,0,2,3,6,8,1
115.0,0.0,0.0,115.0,0.0,115.0,115.0,0.0,2025,4,17,3,2,0,2,3,6,8,1
50.0,0.0,0.0,50.0,0.0,50.0,50.0,0.0,2024,11,14,3,4,0,3,7,6,8,2
115.0,0.0,0.0,115.0,0.0,115.0,115.0,0.0,2025,5,1,3,2,0,2,6,6,8,1
65.0,0.0,0.0,65.0,0.0,65.0,65.0,0.0,2025,5,3,5,2,1,2,6,6,8,0
50.0,0.0,0.0,50.0,0.0,50.0,50.0,0.0,2025,3,23,6,1,1,1,1,6,8,0
50.0,0.0,0.0,50.0,0.0,50.0,50.0,0.0,2025,3,11,1,1,0,3,1,6,8,0
150.0,0.0,0.0,201.25599999999997,0.0,150.0,201.25599999999997,0.0,2025,1,15,2,1,0,1,7,6,8,1
65.0,0.0,0.0,65.0,0.0,65.0,65.0,0.0,2025,4,12,5,2,1,1,0,6,8,0
50.0,0.0,0.0,50.0,0.0,50.0,50.0,0.0,2025,3,6,3,1,0,1,1,6,8,0
50.0,0.0,0.0,50.0,0.0,50.0,50.0,0.0,2025,3,23,6,1,1,1,1,6,8,0
50.0,0.0,0.0,50.0,0.0,50.0,50.0,0.0,2025,3,23,6,1,1,3,1,6,8,0
50.0,0.0,0.0,50.0,0.0,50.0,50.0,0.0,2025,11,4,1,4,0,2,7,6,8,2
50.0,25.0,5.48,80.45,0.0,80.48,80.42,0.0,2024,8,27,1,3,0,1,1,6,8,2
100.0,0.0,0.0,100.0,0.0,100.0,100.0,0.0,2025,11,19,2,4,0,3,1,6,8,1
50.0,0.0,0.0,50.0,0.0,50.0,50.0,0.0,2024,11,14,3,4,0,5,7,6,8,2
50.0,0.0,0.0,50.0,0.0,50.0,50.0,0.0,2024,11,14,3,4,0,1,7,6,8,2
50.0,0.0,0.0,50.0,0.0,50.0,50.0,0.0,2024,11,14,3,4,0,5,7,6,8,2
50.0,0.0,0.0,50.0,0.0,50.0,50.0,0.0,2025,9,19,4,3,0,3,1,3,8,2
50.0,25.0,0.0,75.0,0.0,75.0,75.0,0.0,2025,9,23,1,3,0,3,1,6,8,2
50.0,0.0,0.0,50.0,0.0,50.0,50.0,0.0,2025,9,19,4,3,0,3,1,6,8,2
95.0,0.0,0.0,95.0,0.0,95.0,95.0,0.0,2025,3,28,4,1,0,2,6,6,1,1
50.0,0.0,0.0,50.0,0.0,50.0,50.0,0.0,2025,9,24,2,3,0,0,1,6,8,2
50.0,0.0,0.0,50.0,0.0,50.0,50.0,0.0,2025,9,24,2,3,0,1,1,6,8,2
50.0,0.0,0.0,50.0,0.0,50.0,50.0,0.0,2025,3,11,1,1,0,3,1,6,8,0
50.0,0.0,0.0,50.0,0.0,50.0,50.0,0.0,2025,3,11,1,1,0,0,1,6,8,0
65.0,0.0,0.0,65.0,0.0,65.0,65.0,0.0,2025,4,15,1,2,0,1,0,6,8,0
50.0,0.0,0.0,50.0,0.0,50.0,50.0,0.0,2025,3,6,3,1,0,3,1,6,6,0
50.0,0.0,0.0,50.0,0.0,50.0,50.0,0.0,2025,3,6,3,1,0,3,1,6,8,0
65.0,0.0,0.0,65.0,0.0,65.0,65.0,0.0,2025,4,15,1,2,0,1,0,6,8,0
65.0,0.0,0.0,65.0,0.0,65.0,65.0,0.0,2025,4,8,1,2,0,0,0,6,8,0
115.0,10.0,0.0,125.0,0.0,125.0,125.0,0.0,2025,3,15,5,1,1,2,3,6,8,1
50.0,0.0,0.0,50.0,0.0,50.0,50.0,0.0,2025,3,6,3,1,0,4,1,6,8,0
115.0,0.0,0.0,115.0,0.0,115.0,115.0,0.0,2025,4,14,0,2,0,2,3,6,8,1
115.0,30.0,0.0,145.0,0.0,145.0,145.0,0.0,2025,3,21,4,1,0,2,6,6,8,1
65.0,30.0,0.0,95.0,0.0,95.0,95.0,0.0,2025,3,21,4,1,0,2,6,6,8,1
50.0,0.0,0.0,50.0,0.0,50.0,50.0,0.0,2025,3,11,1,1,0,0,1,6,8,0
60.0,10.0,0.0,70.0,0.0,70.0,70.0,0.0,2025,4,5,5,2,1,0,6,6,8,0
50.0,0.0,0.0,50.0,0.0,50.0,50.0,0.0,2025,9,24,2,3,0,1,1,6,8,2
50.0,0.0,0.0,50.0,0.0,50.0,50.0,0.0,2025,9,24,2,3,0,2,1,6,8,2
50.0,0.0,0.0,50.0,0.0,50.0,50.0,0.0,2025,9,24,2,3,0,3,1,6,8,2
59.94399185336049,4.760692464358452,1.0263034623217924,63.7833401221996,0.1069246435845213,65.73098778004073,61.94261710794298,0.0016267006962124,2023,3,29,2,1,0,5,8,6,8,2
59.94399185336049,4.760692464358452,1.0263034623217924,63.7833401221996,0.1069246435845213,65.73098778004073,61.94261710794298,0.0016267006962124,2023,3,29,2,1,0,5,8,6,8,2
50.0,0.0,0.0,50.0,0.0,50.0,50.0,0.0,2025,3,11,1,1,0,1,1,6,8,0
50.0,0.0,0.0,50.0,0.0,50.0,50.0,0.0,2025,3,11,1,1,0,3,1,6,8,0
50.0,0.0,0.0,50.0,0.0,50.0,50.0,0.0,2025,3,6,3,1,0,4,1,6,8,0
65.0,0.0,0.0,65.0,0.0,65.0,65.0,0.0,2025,4,11,4,2,0,0,0,6,8,0
65.0,0.0,0.0,65.0,0.0,65.0,65.0,0.0,2025,4,10,3,2,0,0,0,6,8,0
50.0,0.0,0.0,50.0,0.0,50.0,50.0,0.0,2025,11,4,1,4,0,1,7,6,8,2
50.0,25.0,0.0,75.0,0.0,75.0,75.0,0.0,2025,9,23,1,3,0,2,1,6,8,2
59.94399185336049,4.760692464358452,1.0263034623217924,63.7833401221996,0.1069246435845213,65.73098778004073,61.94261710794298,0.0016267006962124,2023,3,29,2,1,0,5,8,6,8,2
50.0,0.0,0.0,50.0,0.0,50.0,50.0,0.0,2025,9,19,4,3,0,3,1,6,8,2
59.94399185336049,4.760692464358452,1.0263034623217924,63.7833401221996,0.1069246435845213,65.73098778004073,61.94261710794298,0.0016267006962124,2023,3,30,3,1,0,5,8,6,8,2
50.0,0.0,0.0,50.0,0.0,50.0,50.0,0.0,2025,3,6,3,1,0,1,1,6,8,0
50.0,0.0,0.0,50.0,0.0,50.0,50.0,0.0,2025,3,11,1,1,0,3,1,6,8,0
50.0,0.0,0.0,50.0,0.0,50.0,50.0,0.0,2025,3,11,1,1,0,3,1,6,8,0
65.0,0.0,0.0,65.0,0.0,65.0,65.0,0.0,2025,4,10,3,2,0,0,0,3,8,0
65.0,0.0,0.0,65.0,0.0,65.0,65.0,0.0,2025,4,12,5,2,1,0,0,6,8,0
50.0,0.0,0.0,50.0,0.0,50.0,50.0,0.0,2025,3,6,3,1,0,1,1,6,8,0
50.0,0.0,0.0,50.0,0.0,50.0,50.0,0.0,2025,3,6,3,1,0,1,1,3,8,0
50.0,0.0,0.0,50.0,0.0,50.0,50.0,0.0,2025,3,6,3,1,0,3,1,6,8,0
50.0,0.0,0.0,50.0,0.0,50.0,50.0,0.0,2025,3,6,3,1,0,3,1,6,8,0
150.0,0.0,0.0,150.0,0.0,150.0,150.0,0.0,2025,11,4,1,4,0,5,7,6,8,1
50.0,0.0,0.0,50.0,0.0,50.0,50.0,0.0,2024,11,14,3,4,0,1,7,3,8,2
50.0,0.0,0.0,50.0,0.0,50.0,50.0,0.0,2024,11,14,3,4,0,5,7,6,8,2
50.0,25.0,1.93,76.86,0.0,76.93,76.79,0.0,2025,2,21,4,1,0,3,1,6,8,0
65.0,10.0,0.0,75.0,0.0,75.0,75.0,0.0,2025,4,9,2,2,0,0,6,6,8,0
50.0,0.0,0.0,50.0,0.0,50.0,50.0,0.0,2025,3,6,3,1,0,1,1,6,8,0
65.0,60.0,9.65,134.48,0.0,134.65,134.31,0.0,2023,4,15,5,2,1,1,6,6,8,1
115.0,0.0,0.0,115.0,0.0,115.0,115.0,0.0,2025,1,16,3,1,0,3,6,6,8,1
50.0,0.0,0.0,50.0,0.0,50.0,50.0,0.0,2025,3,11,1,1,0,0,1,6,8,0
50.0,0.0,0.0,50.0,0.0,50.0,50.0,0.0,2025,3,11,1,1,0,4,1,6,6,0
65.0,0.0,0.0,65.0,0.0,65.0,65.0,0.0,2025,4,10,3,2,0,1,0,6,8,0
65.0,0.0,0.0,65.0,0.0,65.0,65.0,0.0,2025,4,11,4,2,0,1,0,6,8,0
115.0,10.0,0.0,125.0,0.0,125.0,125.0,0.0,2025,4,12,5,2,1,0,5,6,8,1
65.0,30.0,0.0,95.0,0.0,95.0,95.0,0.0,2025,3,22,5,1,1,2,6,6,8,0
50.0,25.0,0.0,75.0,0.0,75.0,75.0,0.0,2025,2,23,6,1,1,3,1,6,8,0
65.0,10.0,0.0,65.0,0.0,75.0,55.0,0.0,2025,4,9,2,2,0,0,6,6,8,0
115.0,10.0,0.0,125.0,0.0,125.0,125.0,0.0,2024,8,20,1,3,0,0,5,6,8,1
50.0,0.0,0.0,50.0,0.0,50.0,50.0,0.0,2025,3,23,6,1,1,1,1,6,8,0
50.0,0.0,0.0,50.0,0.0,50.0,50.0,0.0,2025,3,23,6,1,1,1,1,6,8,0
50.0,0.0,0.0,50.0,0.0,50.0,50.0,0.0,2025,3,11,1,1,0,0,1,6,8,0
35.0,0.0,0.0,35.0,0.0,35.0,35.0,0.0,2023,4,27,3,2,0,1,6,1,8,2
50.0,0.0,0.0,50.0,0.0,50.0,50.0,0.0,2025,3,11,1,1,0,3,1,6,8,0
50.0,0.0,0.0,50.0,0.0,50.0,50.0,0.0,2025,3,11,1,1,0,3,1,6,8,0
65.0,0.0,0.0,65.0,0.0,65.0,65.0,0.0,2025,4,8,1,2,0,1,0,6,8,0
65.0,0.0,0.0,65.0,0.0,65.0,65.0,0.0,2025,4,10,3,2,0,1,0,6,8,0
115.0,0.0,0.0,115.0,0.0,115.0,115.0,0.0,2025,4,26,5,2,1,0,5,6,8,1
50.0,0.0,0.0,50.0,0.0,50.0,50.0,0.0,2024,11,14,3,4,0,2,7,6,8,2
50.0,25.0,0.0,50.0,0.0,75.0,25.0,0.0,2025,9,23,1,3,0,3,1,6,8,2
50.0,25.0,0.0,75.0,0.0,75.0,75.0,0.0,2025,2,23,6,1,1,1,1,6,8,0
50.0,25.0,0.0,75.0,0.0,75.0,75.0,0.0,2025,2,23,6,1,1,4,1,6,8,0
50.0,0.0,0.0,50.0,0.0,50.0,50.0,0.0,2025,9,20,5,3,1,3,1,6,1,2
65.0,0.0,0.0,65.0,0.0,65.0,65.0,0.0,2025,4,10,3,2,0,1,0,6,8,0
115.0,10.0,0.0,125.0,0.0,125.0,125.0,0.0,2023,4,27,3,2,0,1,6,1,8,1
50.0,0.0,0.0,50.0,0.0,50.0,50.0,0.0,2025,3,23,6,1,1,1,1,6,7,0
50.0,0.0,0.0,50.0,0.0,50.0,50.0,0.0,2025,3,6,3,1,0,1,1,6,4,0
50.0,0.0,0.0,0.0,0.0,50.0,-50.0,0.0,2025,3,6,3,1,0,3,1,5,8,0
50.0,0.0,0.0,50.0,0.0,50.0,50.0,0.0,2025,3,6,3,1,0,3,1,6,8,0
50.0,25.0,0.0,75.0,0.0,75.0,75.0,0.0,2025,3,23,6,1,1,3,1,6,8,0
50.0,0.0,0.0,50.0,0.0,50.0,50.0,0.0,2025,9,24,2,3,0,4,1,6,8,2
50.0,25.0,2.16,77.12,0.0,77.16,77.08,0.0,2025,1,9,3,1,0,1,1,6,6,0
59.94399185336049,4.760692464358452,1.0263034623217924,63.7833401221996,0.1069246435845213,65.73098778004073,61.94261710794298,0.0016267006962124,2023,3,30,3,1,0,5,8,6,8,2
50.0,0.0,0.0,50.0,0.0,50.0,50.0,0.0,2025,3,23,6,1,1,1,1,6,8,0
50.0,25.0,15.34,90.34,0.0,90.34,90.34,0.0,2022,6,30,3,2,0,0,1,6,8,1
50.0,25.0,17.2,92.07,0.0,92.2,91.94,0.0,2022,7,6,2,3,0,3,1,6,8,1
50.0,25.0,15.21,90.21,0.0,90.21,90.21,0.0,2022,7,6,2,3,0,0,1,6,8,1
50.0,0.0,0.0,50.0,0.0,50.0,50.0,0.0,2025,3,11,1,1,0,3,1,6,8,0
115.0,10.0,0.0,0.0,0.0,125.0,-55.09999999999991,0.0,2023,7,23,6,3,1,1,5,0,8,2
65.0,0.0,0.0,65.0,0.0,65.0,65.0,0.0,2025,1,29,2,1,0,3,6,6,2,0
50.0,0.0,0.0,50.0,0.0,50.0,50.0,0.0,2024,11,14,3,4,0,5,7,6,8,2
50.0,0.0,0.0,50.0,0.0,50.0,50.0,0.0,2024,11,14,3,4,0,5,7,6,8,2
50.0,0.0,0.0,50.0,0.0,50.0,50.0,0.0,2025,3,23,6,1,1,1,1,6,8,0
50.0,0.0,0.0,50.0,0.0,50.0,50.0,0.0,2025,3,6,3,1,0,4,1,6,8,0
50.0,0.0,0.0,50.0,0.0,50.0,50.0,0.0,2025,3,6,3,1,0,1,1,6,8,0
95.0,10.0,0.0,105.0,0.0,105.0,105.0,0.0,2025,4,15,1,2,0,0,5,6,6,1
115.0,60.0,8.62,183.61,0.0,183.62,183.6,0.0,2024,9,27,4,3,0,2,2,6,8,1
50.0,0.0,0.0,50.0,0.0,50.0,50.0,0.0,2025,3,6,3,1,0,3,1,6,8,0
50.0,0.0,0.0,50.0,0.0,50.0,50.0,0.0,2024,11,14,3,4,0,1,7,6,8,2
65.0,0.0,0.0,65.0,0.0,65.0,65.0,0.0,2025,10,21,1,4,0,2,0,6,8,2
50.0,0.0,0.0,50.0,0.0,50.0,50.0,0.0,2025,9,20,5,3,1,0,1,6,8,0
50.0,0.0,0.0,50.0,0.0,50.0,50.0,0.0,2025,9,24,2,3,0,3,1,6,1,2
65.0,0.0,0.0,65.0,0.0,65.0,65.0,0.0,2025,4,11,4,2,0,1,0,6,8,0
65.0,0.0,0.0,65.0,0.0,65.0,65.0,0.0,2025,10,6,0,4,0,3,0,6,8,2
65.0,0.0,0.0,65.0,0.0,65.0,65.0,0.0,2025,4,12,5,2,1,0,0,6,8,0
65.0,0.0,0.0,65.0,0.0,65.0,65.0,0.0,2025,4,16,2,2,0,1,0,6,8,0
50.0,0.0,0.0,50.0,0.0,50.0,50.0,0.0,2024,11,14,3,4,0,5,7,6,8,2
35.0,0.0,0.0,35.0,0.0,35.0,35.0,0.0,2025,2,4,1,1,0,3,6,6,8,0
50.0,0.0,0.0,0.0,0.0,50.0,-50.0,0.0,2024,11,15,4,4,0,2,7,5,8,2
50.0,0.0,0.0,50.0,0.0,50.0,50.0,0.0,2025,3,6,3,1,0,2,1,6,8,0
50.0,25.0,0.0,75.0,0.0,75.0,75.0,0.0,2025,2,23,6,1,1,1,1,6,8,0
115.0,0.0,0.0,115.0,0.0,115.0,115.0,0.0,2025,4,27,6,2,1,0,5,6,1,1
100.0,0.0,0.0,100.0,0.0,100.0,100.0,0.0,2025,11,19,2,4,0,3,1,6,8,1
115.0,60.0,5.0,179.99,0.0,180.0,179.98000000000002,0.0,2024,9,24,1,3,0,5,2,6,8,1
95.0,10.0,0.0,105.0,0.0,105.0,105.0,0.0,2025,5,14,2,2,0,1,5,6,8,1
50.0,0.0,0.0,50.0,0.0,50.0,50.0,0.0,2025,9,24,2,3,0,1,1,6,5,2
35.0,0.0,0.0,35.0,0.0,35.0,35.0,0.0,2025,4,15,1,2,0,0,6,6,8,0
50.0,0.0,0.0,50.0,0.0,50.0,50.0,0.0,2025,3,23,6,1,1,1,1,6,8,0
50.0,0.0,0.0,50.0,0.0,50.0,50.0,0.0,2025,3,11,1,1,0,1,1,6,8,0
65.0,0.0,0.0,65.0,0.0,65.0,65.0,0.0,2025,4,15,1,2,0,1,0,6,8,0
50.0,0.0,0.0,50.0,0.0,50.0,50.0,0.0,2025,1,15,2,1,0,1,7,6,6,0
50.0,0.0,0.0,50.0,0.0,50.0,50.0,0.0,2025,3,23,6,1,1,3,1,6,8,0
50.0,0.0,0.0,50.0,0.0,50.0,50.0,0.0,2025,3,6,3,1,0,3,1,6,8,0
50.0,0.0,0.0,50.0,0.0,50.0,50.0,0.0,2025,3,6,3,1,0,3,1,6,8,0
50.0,0.0,0.0,50.0,0.0,50.0,50.0,0.0,2025,3,23,6,1,1,0,1,6,8,0
50.0,0.0,0.0,50.0,0.0,50.0,50.0,0.0,2025,3,23,6,1,1,0,1,6,8,0
65.0,60.0,18.129699999999985,166.87,0.0,143.1297,166.86,0.0,2022,3,23,2,1,0,1,6,6,8,1
50.0,0.0,0.0,50.0,0.0,50.0,50.0,0.0,2025,9,24,2,3,0,3,1,6,8,2
115.0,10.0,0.0,125.0,0.0,125.0,125.0,0.0,2024,10,10,3,4,0,2,2,6,8,1
50.0,25.0,0.0,75.0,0.0,75.0,75.0,0.0,2025,2,23,6,1,1,2,1,6,8,0
50.0,0.0,0.0,50.0,0.0,50.0,50.0,0.0,2024,11,15,4,4,0,2,7,6,8,2
50.0,0.0,0.0,50.0,0.0,50.0,50.0,0.0,2024,11,15,4,4,0,5,7,6,8,2
50.0,0.0,0.0,50.0,0.0,50.0,50.0,0.0,2024,11,15,4,4,0,5,7,6,6,2
115.0,60.0,3.64,178.36,0.0,178.64,178.08,0.0,2024,11,15,4,4,0,2,2,6,8,1
50.0,0.0,0.0,50.0,0.0,50.0,50.0,0.0,2025,3,11,1,1,0,0,1,6,6,0
65.0,0.0,0.0,65.0,0.0,65.0,65.0,0.0,2025,4,11,4,2,0,0,0,6,8,0
50.0,0.0,0.0,50.0,0.0,50.0,50.0,0.0,2025,3,6,3,1,0,3,1,6,8,0
50.0,0.0,0.0,50.0,0.0,50.0,50.0,0.0,2025,3,6,3,1,0,4,1,6,8,0
50.0,0.0,0.0,50.0,0.0,50.0,50.0,0.0,2025,9,24,2,3,0,1,1,6,8,2
50.0,25.0,0.0,75.0,0.0,75.0,75.0,0.0,2025,2,23,6,1,1,4,1,6,8,0
150.0,0.0,0.0,165.0,0.0,150.0,165.0,0.0,2025,5,2,4,2,0,1,5,6,8,1
50.0,0.0,0.0,50.0,0.0,50.0,50.0,0.0,2025,3,23,6,1,1,0,1,6,8,0
50.0,0.0,0.0,50.0,0.0,50.0,50.0,0.0,2025,3,6,3,1,0,3,1,6,8,0
50.0,0.0,0.0,50.0,0.0,50.0,50.0,0.0,2025,3,23,6,1,1,1,1,2,8,0
50.0,0.0,0.0,50.0,0.0,50.0,50.0,0.0,2024,11,15,4,4,0,5,7,6,8,2
50.0,0.0,0.0,50.0,0.0,50.0,50.0,0.0,2024,11,15,4,4,0,5,7,6,6,2
50.0,0.0,0.0,50.0,0.0,50.0,50.0,0.0,2025,3,11,1,1,0,3,1,6,11,0
50.0,0.0,0.0,50.0,0.0,50.0,50.0,0.0,2025,3,11,1,1,0,3,1,6,8,0
65.0,0.0,0.0,65.0,0.0,65.0,65.0,0.0,2025,2,4,1,1,0,3,6,6,8,0
50.0,0.0,0.0,50.0,0.0,50.0,50.0,0.0,2025,3,11,1,1,0,1,1,6,8,0
50.0,0.0,0.0,50.0,0.0,50.0,50.0,0.0,2025,3,6,3,1,0,1,1,6,8,0
50.0,0.0,0.0,50.0,0.0,50.0,50.0,0.0,2025,3,11,1,1,0,3,1,6,8,0
50.0,0.0,0.0,50.0,0.0,50.0,50.0,0.0,2025,3,11,1,1,0,3,1,6,8,0
95.0,10.0,0.0,0.0,0.0,105.0,-55.09999999999991,0.0,2023,10,30,0,4,0,2,5,0,8,2
115.0,0.0,0.0,115.0,0.0,115.0,115.0,0.0,2025,3,14,4,1,0,1,5,6,8,1
50.0,0.0,0.0,50.0,0.0,50.0,50.0,0.0,2025,9,20,5,3,1,3,1,6,8,2
50.0,0.0,0.0,50.0,0.0,50.0,50.0,0.0,2024,11,15,4,4,0,5,7,6,8,2
50.0,0.0,0.0,50.0,0.0,50.0,50.0,0.0,2024,11,15,4,4,0,5,7,6,8,2
50.0,0.0,0.0,50.0,0.0,50.0,50.0,0.0,2025,9,24,2,3,0,1,1,6,8,2
65.0,0.0,0.0,65.0,0.0,65.0,65.0,0.0,2025,4,15,1,2,0,0,6,6,8,0
50.0,0.0,0.0,50.0,0.0,50.0,50.0,0.0,2025,3,23,6,1,1,3,1,6,8,0
50.0,0.0,0.0,50.0,0.0,50.0,50.0,0.0,2025,3,23,6,1,1,2,1,6,8,0
50.0,0.0,0.0,50.0,0.0,50.0,50.0,0.0,2025,3,11,1,1,0,0,1,6,8,0
45.0,10.0,0.0,0.0,0.0,55.0,-55.0,0.0,2023,9,22,4,3,0,5,5,0,8,2
115.0,10.0,0.0,0.0,0.0,125.0,-55.09999999999991,0.0,2023,7,26,2,3,0,3,4,0,8,2
115.0,60.0,18.129699999999985,201.25599999999997,0.0,193.1297,201.24599999999995,0.0,2017,6,1,3,2,0,2,5,6,8,1
50.0,0.0,0.0,50.0,0.0,50.0,50.0,0.0,2025,9,19,4,3,0,1,1,6,8,2
50.0,0.0,0.0,50.0,0.0,50.0,50.0,0.0,2025,9,24,2,3,0,2,1,6,8,2
95.0,0.0,0.0,95.0,0.0,95.0,95.0,0.0,2025,3,28,4,1,0,2,6,6,8,1
50.0,0.0,0.0,50.0,0.0,50.0,50.0,0.0,2024,11,15,4,4,0,5,7,6,8,2
50.0,0.0,0.0,50.0,0.0,50.0,50.0,0.0,2024,11,15,4,4,0,1,7,6,8,2
50.0,0.0,0.0,50.0,0.0,50.0,50.0,0.0,2024,11,15,4,4,0,5,7,6,8,2
50.0,0.0,0.0,50.0,0.0,50.0,50.0,0.0,2024,11,15,4,4,0,2,7,6,8,2
50.0,0.0,0.0,50.0,0.0,50.0,50.0,0.0,2025,3,6,3,1,0,4,1,6,1,0
50.0,0.0,0.0,50.0,0.0,50.0,50.0,0.0,2025,3,11,1,1,0,1,1,6,8,0
50.0,0.0,0.0,50.0,0.0,50.0,50.0,0.0,2025,3,11,1,1,0,1,1,6,8,0
95.0,10.0,0.0,0.0,0.0,105.0,-55.09999999999991,0.0,2023,10,26,3,4,0,3,5,0,0,2
115.0,60.0,14.48,189.48,0.0,189.48,189.48,0.0,2023,5,15,0,2,0,4,6,6,8,1
95.0,10.0,0.0,0.0,0.0,105.0,-55.09999999999991,0.0,2023,11,3,4,4,0,1,5,0,8,2
50.0,25.0,4.16,79.16,0.0,79.16,79.16,0.0,2024,4,17,2,2,0,3,1,6,8,0
50.0,0.0,0.0,50.0,0.0,50.0,50.0,0.0,2025,3,6,3,1,0,4,1,6,8,0
50.0,0.0,0.0,50.0,0.0,50.0,50.0,0.0,2025,3,6,3,1,0,4,1,6,8,0
