fine_amount,penalty_amount,interest_amount,reduction_amount,payment_amount,amount_due,issue_year,issue_month,issue_day,issue_dayofweek,issue_quarter,is_weekend,total_charges,net_paid,unpaid_balance_ratio,high_fine_flag,county_encoded,state_encoded,license_type_encoded,issuing_agency_encoded,violation_status_encoded
50.0,0.0,0.0,0.0,50.0,0.0,2025,3,6,3,1,0,50.0,50.0,0.0,0,3,17,8,1,6
65.0,0.0,0.0,0.0,65.0,0.0,2025,4,15,1,2,0,65.0,65.0,0.0,1,2,17,8,0,6
65.0,0.0,0.0,0.0,65.0,0.0,2025,4,15,1,2,0,65.0,65.0,0.0,1,2,17,8,0,6
50.0,0.0,0.0,0.0,50.0,0.0,2025,3,6,3,1,0,50.0,50.0,0.0,0,1,17,8,1,6
50.0,0.0,0.0,0.0,50.0,0.0,2025,3,6,3,1,0,50.0,50.0,0.0,0,3,17,8,1,6
50.0,0.0,0.0,0.0,50.0,0.0,2025,3,6,3,1,0,50.0,50.0,0.0,0,3,16,8,1,6
65.0,0.0,0.0,0.0,65.0,0.0,2025,4,11,4,2,0,65.0,65.0,0.0,1,1,17,8,0,6
115.0,10.0,0.0,0.0,125.0,0.0,2021,2,16,1,1,0,125.0,125.0,0.0,1,1,17,1,6,3
65.0,10.0,0.0,0.0,75.0,0.0,2021,2,25,3,1,0,75.0,75.0,0.0,1,1,17,8,6,3
50.0,0.0,0.0,0.0,50.0,0.0,2024,11,12,1,4,0,50.0,50.0,0.0,0,5,17,8,7,6
150.0,0.0,0.0,0.0,150.0,0.0,2024,11,12,1,4,0,150.0,150.0,0.0,1,5,17,8,7,3
115.0,0.0,0.0,55.09999999999991,0.0,0.0,2024,2,6,1,1,0,115.0,-55.09999999999991,0.0,1,1,17,8,5,5
115.0,10.0,0.0,0.0,125.0,0.0,2025,3,31,0,1,0,125.0,125.0,0.0,1,1,17,8,5,6
59.94399185336049,4.760692464358452,1.0263034623217924,1.8407230142566193,63.7833401221996,0.10692464358452139,2023,12,22,4,4,0,65.73098778004073,61.94261710794298,0.0016267006962124057,1,5,16,8,8,6
59.94399185336049,4.760692464358452,1.0263034623217924,1.8407230142566193,63.7833401221996,0.10692464358452139,2023,7,30,6,3,1,65.73098778004073,61.94261710794298,0.0016267006962124057,1,5,16,8,8,6
65.0,0.0,0.0,0.0,65.0,0.0,2025,4,15,1,2,0,65.0,65.0,0.0,1,1,19,8,0,6
65.0,0.0,0.0,0.0,65.0,0.0,2025,4,15,1,2,0,65.0,65.0,0.0,1,2,17,8,0,6
115.0,0.0,0.0,0.0,115.0,0.0,2023,5,8,0,2,0,115.0,115.0,0.0,1,1,17,1,6,1
50.0,0.0,0.0,0.0,50.0,0.0,2025,3,22,5,1,1,50.0,50.0,0.0,0,0,20,8,1,6
50.0,0.0,0.0,0.0,50.0,0.0,2025,3,6,3,1,0,50.0,50.0,0.0,0,0,17,8,1,6
50.0,0.0,0.0,0.0,50.0,0.0,2025,3,22,5,1,1,50.0,50.0,0.0,0,3,17,8,1,6
50.0,25.0,0.0,0.0,75.0,0.0,2025,2,23,6,1,1,75.0,75.0,0.0,0,2,17,8,1,6
50.0,25.0,0.0,0.0,75.0,0.0,2025,2,23,6,1,1,75.0,75.0,0.0,0,2,17,8,1,6
50.0,25.0,0.0,0.0,75.0,0.0,2025,2,23,6,1,1,75.0,75.0,0.0,0,1,17,8,1,6
50.0,0.0,0.0,0.0,50.0,0.0,2025,3,6,3,1,0,50.0,50.0,0.0,0,4,17,8,1,6
50.0,25.0,0.0,0.0,75.0,0.0,2025,9,19,4,3,0,75.0,75.0,0.0,0,1,17,8,1,6
50.0,0.0,0.0,0.0,50.0,0.0,2025,11,19,2,4,0,50.0,50.0,0.0,0,1,17,8,1,6
50.0,25.0,0.0,0.0,75.0,0.0,2025,9,23,1,3,0,75.0,75.0,0.0,0,3,17,8,1,6
50.0,0.0,0.0,0.0,50.0,0.0,2025,9,19,4,3,0,50.0,50.0,0.0,0,4,17,8,1,6
50.0,0.0,0.0,0.0,50.0,0.0,2025,11,19,2,4,0,50.0,50.0,0.0,0,0,17,8,1,6
50.0,0.0,0.0,0.0,50.0,0.0,2025,3,11,1,1,0,50.0,50.0,0.0,0,0,17,8,1,6
50.0,0.0,0.0,0.0,50.0,0.0,2025,3,11,1,1,0,50.0,50.0,0.0,0,3,16,8,1,6
50.0,0.0,0.0,0.0,50.0,0.0,2025,3,11,1,1,0,50.0,50.0,0.0,0,1,16,8,1,6
50.0,0.0,0.0,0.0,50.0,0.0,2025,3,11,1,1,0,50.0,50.0,0.0,0,0,17,8,1,6
50.0,0.0,0.0,0.0,50.0,0.0,2025,3,11,1,1,0,50.0,50.0,0.0,0,3,17,8,1,6
50.0,0.0,0.0,0.0,50.0,0.0,2024,11,12,1,4,0,50.0,50.0,0.0,0,4,17,8,7,6
50.0,0.0,0.0,0.0,50.0,0.0,2025,3,6,3,1,0,50.0,50.0,0.0,0,1,17,8,1,6
50.0,0.0,0.0,0.0,50.0,0.0,2025,3,6,3,1,0,50.0,50.0,0.0,0,4,17,8,1,6
50.0,0.0,0.0,0.0,50.0,0.0,2025,3,6,3,1,0,50.0,50.0,0.0,0,4,17,8,1,6
65.0,0.0,0.0,0.0,65.0,0.0,2025,4,11,4,2,0,65.0,65.0,0.0,1,2,17,8,0,6
65.0,0.0,0.0,0.0,65.0,0.0,2025,4,15,1,2,0,65.0,65.0,0.0,1,2,16,8,0,6
65.0,0.0,0.0,0.0,65.0,0.0,2025,4,11,4,2,0,65.0,65.0,0.0,1,3,17,8,0,6
50.0,0.0,0.0,0.0,50.0,0.0,2024,11,12,1,4,0,50.0,50.0,0.0,0,1,17,8,7,6
45.0,0.0,0.0,0.0,45.0,0.0,2025,4,24,3,2,0,45.0,45.0,0.0,0,2,16,8,6,6
115.0,0.0,0.0,0.0,115.0,0.0,2025,4,25,4,2,0,115.0,115.0,0.0,1,2,17,8,6,6
115.0,0.0,0.0,0.0,115.0,0.0,2025,4,8,1,2,0,115.0,115.0,0.0,1,2,17,1,6,3
50.0,0.0,0.0,0.0,50.0,0.0,2025,3,22,5,1,1,50.0,50.0,0.0,0,0,10,8,1,6
50.0,0.0,0.0,0.0,50.0,0.0,2025,3,11,1,1,0,50.0,50.0,0.0,0,0,17,8,1,6
50.0,0.0,0.0,0.0,50.0,0.0,2025,3,11,1,1,0,50.0,50.0,0.0,0,3,17,8,1,6
50.0,0.0,0.0,0.0,50.0,0.0,2025,3,11,1,1,0,50.0,50.0,0.0,0,3,17,8,1,6
50.0,0.0,0.0,0.0,50.0,0.0,2025,3,11,1,1,0,50.0,50.0,0.0,0,3,17,8,1,6
65.0,0.0,0.0,0.0,65.0,0.0,2025,4,11,4,2,0,65.0,65.0,0.0,1,3,17,8,0,6
50.0,0.0,0.0,0.0,50.0,0.0,2024,11,12,1,4,0,50.0,50.0,0.0,0,1,24,8,7,6
50.0,0.0,0.0,0.0,50.0,0.0,2024,11,12,1,4,0,50.0,50.0,0.0,0,1,17,8,7,3
50.0,0.0,0.0,0.0,50.0,0.0,2024,11,12,1,4,0,50.0,50.0,0.0,0,5,17,5,7,6
50.0,0.0,0.0,0.0,50.0,0.0,2025,3,6,3,1,0,50.0,50.0,0.0,0,4,17,8,1,6
50.0,0.0,0.0,0.0,50.0,0.0,2025,3,6,3,1,0,50.0,50.0,0.0,0,3,17,8,1,6
50.0,0.0,0.0,0.0,50.0,0.0,2025,3,6,3,1,0,50.0,50.0,0.0,0,3,17,8,1,6
115.0,0.0,0.0,0.0,115.0,0.0,2025,4,12,5,2,1,115.0,115.0,0.0,1,3,16,8,0,6
50.0,0.0,0.0,0.0,50.0,0.0,2025,3,6,3,1,0,50.0,50.0,0.0,0,3,17,8,1,6
50.0,25.0,0.0,0.0,75.0,0.0,2025,3,22,5,1,1,75.0,75.0,0.0,0,0,17,8,1,6
50.0,0.0,0.0,0.0,50.0,0.0,2025,11,18,1,4,0,50.0,50.0,0.0,0,3,17,8,1,6
115.0,10.0,0.0,0.0,125.0,0.0,2024,4,18,3,2,0,125.0,125.0,0.0,1,1,17,8,5,6
50.0,0.0,0.0,0.0,50.0,0.0,2025,9,19,4,3,0,50.0,50.0,0.0,0,1,17,8,1,6
50.0,0.0,0.0,0.0,50.0,0.0,2025,9,24,2,3,0,50.0,50.0,0.0,0,3,17,8,1,6
59.94399185336049,4.760692464358452,1.0263034623217924,1.8407230142566193,63.7833401221996,0.10692464358452139,2023,3,27,0,1,0,65.73098778004073,61.94261710794298,0.0016267006962124057,1,5,16,8,8,6
59.94399185336049,4.760692464358452,1.0263034623217924,1.8407230142566193,63.7833401221996,0.10692464358452139,2023,3,27,0,1,0,65.73098778004073,61.94261710794298,0.0016267006962124057,1,5,19,8,8,6
50.0,0.0,0.0,0.0,50.0,0.0,2025,3,22,5,1,1,50.0,50.0,0.0,0,1,17,8,1,6
50.0,0.0,0.0,0.0,50.0,0.0,2025,3,22,5,1,1,50.0,50.0,0.0,0,3,17,11,1,6
50.0,0.0,0.0,0.0,50.0,0.0,2025,3,22,5,1,1,50.0,50.0,0.0,0,3,17,1,1,6
50.0,0.0,0.0,0.0,50.0,0.0,2024,11,12,1,4,0,50.0,50.0,0.0,0,5,17,6,7,6
50.0,0.0,0.0,0.0,50.0,0.0,2024,11,12,1,4,0,50.0,50.0,0.0,0,5,17,8,7,6
50.0,25.0,16.23,0.0,91.23,0.0,2022,5,17,1,2,0,91.23,91.23,0.0,0,1,6,8,1,6
50.0,0.0,0.0,0.0,50.0,0.0,2025,3,11,1,1,0,50.0,50.0,0.0,0,1,16,8,1,6
50.0,0.0,0.0,0.0,50.0,0.0,2025,3,6,3,1,0,50.0,50.0,0.0,0,1,17,8,1,6
65.0,0.0,0.0,55.09999999999991,0.0,0.0,2025,4,8,1,2,0,65.0,-55.09999999999991,0.0,1,2,17,1,6,5
65.0,60.0,18.129699999999982,0.19,167.3,0.0,2021,9,16,3,3,0,143.12969999999999,167.11,0.0,1,1,17,8,6,6
50.0,0.0,0.0,0.0,50.0,0.0,2025,9,19,4,3,0,50.0,50.0,0.0,0,0,17,8,1,6
50.0,0.0,0.0,0.0,50.0,0.0,2025,9,19,4,3,0,50.0,50.0,0.0,0,0,17,8,1,6
50.0,0.0,0.0,0.0,50.0,0.0,2025,9,24,2,3,0,50.0,50.0,0.0,0,0,17,8,1,6
50.0,25.0,1.24,0.06,76.18,0.0,2025,1,14,1,1,0,76.24,76.12,0.0,0,0,16,8,1,6
50.0,0.0,0.0,0.0,50.0,0.0,2025,9,19,4,3,0,50.0,50.0,0.0,0,4,17,8,1,6
50.0,0.0,0.0,0.0,50.0,0.0,2025,9,19,4,3,0,50.0,50.0,0.0,0,3,17,6,1,6
50.0,0.0,0.0,0.0,50.0,0.0,2025,9,24,2,3,0,50.0,50.0,0.0,0,0,17,1,1,6
50.0,0.0,0.0,0.0,50.0,0.0,2025,3,11,1,1,0,50.0,50.0,0.0,0,0,16,8,1,6
50.0,0.0,0.0,0.0,50.0,0.0,2025,3,6,3,1,0,50.0,50.0,0.0,0,3,16,8,1,6
50.0,0.0,0.0,0.0,50.0,0.0,2024,11,12,1,4,0,50.0,50.0,0.0,0,5,17,8,7,6
50.0,0.0,0.0,0.0,50.0,0.0,2024,11,12,1,4,0,50.0,50.0,0.0,0,3,17,8,7,6
50.0,0.0,0.0,0.0,50.0,0.0,2025,3,11,1,1,0,50.0,50.0,0.0,0,3,17,8,1,6
50.0,0.0,0.0,0.0,50.0,0.0,2025,3,11,1,1,0,50.0,50.0,0.0,0,1,17,11,1,6
50.0,0.0,0.0,0.0,50.0,0.0,2025,3,6,3,1,0,50.0,50.0,0.0,0,3,17,8,1,6
50.0,0.0,0.0,0.0,50.0,0.0,2025,3,6,3,1,0,50.0,50.0,0.0,0,1,17,8,1,6
50.0,0.0,0.0,0.0,50.0,0.0,2025,3,11,1,1,0,50.0,50.0,0.0,0,1,16,8,1,6
65.0,0.0,0.0,0.0,65.0,0.0,2025,4,15,1,2,0,65.0,65.0,0.0,1,3,24,8,0,6
50.0,0.0,0.0,0.0,50.0,0.0,2025,3,6,3,1,0,50.0,50.0,0.0,0,3,17,1,1,6
50.0,0.0,0.0,0.0,50.0,0.0,2025,3,6,3,1,0,50.0,50.0,0.0,0,3,16,8,1,6
65.0,60.0,2.83,0.0,127.83,0.0,2023,5,9,1,2,0,127.83,127.83,0.0,1,1,16,8,0,3
50.0,25.0,0.0,0.0,75.0,0.0,2025,3,11,1,1,0,75.0,75.0,0.0,0,3,17,8,1,6
50.0,0.0,0.0,0.0,50.0,0.0,2025,10,10,4,4,0,50.0,50.0,0.0,0,0,17,8,1,6
50.0,0.0,0.0,0.0,50.0,0.0,2025,9,24,2,3,0,50.0,50.0,0.0,0,0,17,1,1,6
59.94399185336049,4.760692464358452,1.0263034623217924,1.8407230142566193,63.7833401221996,0.10692464358452139,2023,3,27,0,1,0,65.73098778004073,61.94261710794298,0.0016267006962124057,1,5,1,8,8,6
59.94399185336049,4.760692464358452,1.0263034623217924,1.8407230142566193,63.7833401221996,0.10692464358452139,2023,3,27,0,1,0,65.73098778004073,61.94261710794298,0.0016267006962124057,1,5,7,8,8,6
50.0,0.0,0.0,0.0,50.0,0.0,2025,10,10,4,4,0,50.0,50.0,0.0,0,4,17,8,1,6
50.0,0.0,0.0,0.0,50.0,0.0,2025,3,22,5,1,1,50.0,50.0,0.0,0,3,17,8,1,6
50.0,0.0,0.0,0.0,50.0,0.0,2024,11,12,1,4,0,50.0,50.0,0.0,0,5,17,8,7,6
50.0,25.0,0.0,0.0,75.0,0.0,2025,3,6,3,1,0,75.0,75.0,0.0,0,0,17,8,1,6
50.0,0.0,0.0,0.0,50.0,0.0,2025,10,10,4,4,0,50.0,50.0,0.0,0,2,16,8,1,6
50.0,25.0,18.11,0.13,92.98,0.0,2022,5,19,3,2,0,93.11,92.85000000000001,0.0,0,0,19,8,1,6
50.0,25.0,17.48,0.02,92.46,0.0,2022,5,26,3,2,0,92.48,92.44,0.0,0,1,17,8,1,6
50.0,0.0,0.0,0.0,50.0,0.0,2025,3,11,1,1,0,50.0,50.0,0.0,0,1,17,8,1,6
50.0,0.0,0.0,0.0,50.0,0.0,2025,3,6,3,1,0,50.0,50.0,0.0,0,2,17,8,1,6
50.0,0.0,0.0,0.0,50.0,0.0,2025,3,11,1,1,0,50.0,50.0,0.0,0,4,17,8,1,6
50.0,0.0,0.0,0.0,50.0,0.0,2025,10,10,4,4,0,50.0,50.0,0.0,0,3,17,8,1,6
115.0,60.0,1.72,0.0,176.72,0.0,2025,5,20,1,2,0,176.72,176.72,0.0,1,0,17,8,5,3
50.0,0.0,0.0,0.0,50.0,0.0,2025,11,18,1,4,0,50.0,50.0,0.0,0,3,17,8,1,6
50.0,0.0,0.0,0.0,50.0,0.0,2025,3,6,3,1,0,50.0,50.0,0.0,0,3,17,8,1,6
50.0,0.0,0.0,0.0,50.0,0.0,2025,3,11,1,1,0,50.0,50.0,0.0,0,3,17,8,1,6
50.0,0.0,0.0,0.0,50.0,0.0,2025,9,19,4,3,0,50.0,50.0,0.0,0,3,17,8,1,6
65.0,10.0,0.0,10.0,65.0,0.0,2025,4,9,2,2,0,75.0,55.0,0.0,1,2,16,8,6,6
65.0,0.0,0.0,0.0,65.0,0.0,2025,4,10,3,2,0,65.0,65.0,0.0,1,2,17,8,6,6
50.0,0.0,0.0,0.0,50.0,0.0,2025,9,19,4,3,0,50.0,50.0,0.0,0,1,16,8,1,6
65.0,0.0,0.0,0.0,65.0,0.0,2025,4,15,1,2,0,65.0,65.0,0.0,1,2,16,8,0,6
65.0,0.0,0.0,0.0,65.0,0.0,2025,4,11,4,2,0,65.0,65.0,0.0,1,1,17,8,0,6
65.0,0.0,0.0,0.0,65.0,0.0,2025,4,15,1,2,0,65.0,65.0,0.0,1,2,16,8,0,6
50.0,0.0,0.0,0.0,50.0,0.0,2025,3,6,3,1,0,50.0,50.0,0.0,0,1,17,8,1,6
50.0,0.0,0.0,0.0,50.0,0.0,2025,3,6,3,1,0,50.0,50.0,0.0,0,3,17,8,1,6
50.0,0.0,0.0,0.0,50.0,0.0,2025,11,4,1,4,0,50.0,50.0,0.0,0,1,17,8,7,6
50.0,0.0,0.0,0.0,50.0,0.0,2025,3,6,3,1,0,50.0,50.0,0.0,0,3,17,8,1,6
65.0,0.0,0.0,0.0,65.0,0.0,2025,4,14,0,2,0,65.0,65.0,0.0,1,2,17,8,6,6
50.0,0.0,0.0,0.0,50.0,0.0,2024,11,12,1,4,0,50.0,50.0,0.0,0,5,17,8,7,6
50.0,0.0,0.0,0.0,50.0,0.0,2024,11,12,1,4,0,50.0,50.0,0.0,0,1,17,8,7,6
50.0,0.0,0.0,0.0,50.0,0.0,2024,11,12,1,4,0,50.0,50.0,0.0,0,5,17,8,7,6
50.0,25.0,0.0,0.0,75.0,0.0,2025,9,23,1,3,0,75.0,75.0,0.0,0,3,17,8,1,6
65.0,0.0,0.0,15.0,50.0,0.0,2025,3,26,2,1,0,65.0,35.0,0.0,1,2,17,1,6,4
50.0,25.0,0.0,0.0,75.0,0.0,2025,2,23,6,1,1,75.0,75.0,0.0,0,3,17,8,1,6
50.0,25.0,17.48,0.02,92.46,0.0,2022,5,26,3,2,0,92.48,92.44,0.0,0,1,17,8,1,6
50.0,25.0,17.35,0.02,92.33,0.0,2022,6,2,3,2,0,92.35,92.31,0.0,0,3,17,8,1,6
50.0,25.0,12.48,0.06,87.42,0.0,2022,6,1,2,2,0,87.48,87.36,0.0,0,3,6,8,1,6
50.0,0.0,0.0,0.0,50.0,0.0,2025,3,23,6,1,1,50.0,50.0,0.0,0,3,17,8,7,6
50.0,0.0,0.0,0.0,50.0,0.0,2025,3,6,3,1,0,50.0,50.0,0.0,0,3,17,8,1,6
50.0,0.0,0.0,0.0,50.0,0.0,2025,3,6,3,1,0,50.0,50.0,0.0,0,0,17,8,1,6
50.0,0.0,0.0,0.0,50.0,0.0,2025,3,6,3,1,0,50.0,50.0,0.0,0,3,5,8,1,6
50.0,0.0,0.0,0.0,50.0,0.0,2025,3,6,3,1,0,50.0,50.0,0.0,0,1,17,6,1,6
50.0,0.0,0.0,0.0,50.0,0.0,2024,11,12,1,4,0,50.0,50.0,0.0,0,5,17,5,7,6
50.0,0.0,0.0,0.0,50.0,0.0,2025,9,24,2,3,0,50.0,50.0,0.0,0,1,17,8,1,6
50.0,0.0,0.0,0.0,50.0,0.0,2025,3,6,3,1,0,50.0,50.0,0.0,0,3,17,4,1,6
60.0,0.0,0.0,0.0,60.0,0.0,2025,4,19,5,2,1,60.0,60.0,0.0,1,2,19,8,6,6
65.0,0.0,0.0,0.0,65.0,0.0,2025,4,22,1,2,0,65.0,65.0,0.0,1,2,17,8,6,6
50.0,0.0,0.0,0.0,50.0,0.0,2025,3,22,5,1,1,50.0,50.0,0.0,0,3,17,6,1,6
50.0,25.0,17.48,0.02,92.46,0.0,2022,6,10,4,2,0,92.48,92.44,0.0,0,3,14,8,1,6
50.0,0.0,0.0,0.0,50.0,0.0,2025,3,23,6,1,1,50.0,50.0,0.0,0,5,17,8,7,6
65.0,10.0,0.0,0.0,75.0,0.0,2025,1,10,4,1,0,75.0,75.0,0.0,1,3,17,8,6,6
50.0,0.0,0.0,0.0,50.0,0.0,2025,9,24,2,3,0,50.0,50.0,0.0,0,1,17,8,1,6
50.0,0.0,0.0,0.0,50.0,0.0,2025,3,6,3,1,0,50.0,50.0,0.0,0,4,17,8,1,6
50.0,0.0,0.0,0.0,50.0,0.0,2025,3,6,3,1,0,50.0,50.0,0.0,0,4,17,8,1,6
50.0,25.0,17.72,0.03,92.69,0.0,2022,6,13,0,2,0,92.72,92.66,0.0,0,3,14,8,1,6
50.0,25.0,0.0,25.0,50.0,0.0,2025,9,23,1,3,0,75.0,25.0,0.0,0,3,17,8,1,6
50.0,25.0,0.0,0.0,75.0,0.0,2025,9,23,1,3,0,75.0,75.0,0.0,0,3,17,8,1,6
50.0,0.0,0.0,0.0,50.0,0.0,2025,9,19,4,3,0,50.0,50.0,0.0,0,0,17,8,1,6
50.0,0.0,0.0,0.0,50.0,0.0,2025,9,24,2,3,0,50.0,50.0,0.0,0,0,17,8,1,6
50.0,0.0,0.0,0.0,50.0,0.0,2025,9,19,4,3,0,50.0,50.0,0.0,0,2,17,8,1,6
35.0,0.0,0.0,0.0,35.0,0.0,2025,5,1,3,2,0,35.0,35.0,0.0,0,2,17,8,6,6
35.0,0.0,0.0,0.0,35.0,0.0,2025,5,1,3,2,0,35.0,35.0,0.0,0,2,17,8,6,6
65.0,30.0,0.0,0.0,95.0,0.0,2023,4,25,1,2,0,95.0,95.0,0.0,1,1,17,11,6,3
50.0,0.0,0.0,0.0,50.0,0.0,2025,1,16,3,1,0,50.0,50.0,0.0,0,1,17,8,7,6
50.0,0.0,0.0,0.0,50.0,0.0,2025,3,11,1,1,0,50.0,50.0,0.0,0,1,6,8,1,6
50.0,25.0,4.13,0.07,79.06,0.0,2024,4,18,3,2,0,79.13,78.99000000000001,0.0,0,1,17,8,1,6
50.0,0.0,0.0,0.0,50.0,0.0,2025,3,6,3,1,0,50.0,50.0,0.0,0,4,17,8,1,6
50.0,0.0,0.0,0.0,50.0,0.0,2025,3,11,1,1,0,50.0,50.0,0.0,0,1,17,8,1,6
50.0,25.0,2.44,0.0,77.44,0.0,2024,12,6,4,4,0,77.44,77.44,0.0,0,4,17,8,1,6
50.0,0.0,0.0,0.0,50.0,0.0,2024,11,12,1,4,0,50.0,50.0,0.0,0,5,17,6,7,6
50.0,0.0,0.0,0.0,50.0,0.0,2024,11,13,2,4,0,50.0,50.0,0.0,0,5,17,6,7,6
50.0,0.0,0.0,0.0,50.0,0.0,2025,9,24,2,3,0,50.0,50.0,0.0,0,0,17,8,1,6
50.0,25.0,2.52,0.13,77.39,0.0,2024,12,6,4,4,0,77.52,77.26,0.0,0,0,14,8,1,6
50.0,25.0,2.51,0.13,77.38,0.0,2024,11,17,6,4,1,77.51,77.25,0.0,0,3,17,8,1,6
35.0,0.0,0.0,0.0,35.0,0.0,2025,5,1,3,2,0,35.0,35.0,0.0,0,2,16,8,6,6
50.0,0.0,0.0,0.0,50.0,0.0,2025,3,6,3,1,0,50.0,50.0,0.0,0,3,17,8,1,6
50.0,0.0,0.0,0.0,50.0,0.0,2025,3,11,1,1,0,50.0,50.0,0.0,0,3,17,1,1,2
50.0,0.0,0.0,0.0,50.0,0.0,2025,3,11,1,1,0,50.0,50.0,0.0,0,3,17,8,1,6
50.0,0.0,0.0,0.0,50.0,0.0,2025,3,11,1,1,0,50.0,50.0,0.0,0,3,17,8,1,6
65.0,0.0,0.0,0.0,65.0,0.0,2025,4,10,3,2,0,65.0,65.0,0.0,1,1,17,8,0,6
50.0,0.0,0.0,0.0,50.0,0.0,2025,3,6,3,1,0,50.0,50.0,0.0,0,1,17,8,1,6
50.0,0.0,0.0,0.0,50.0,0.0,2025,3,6,3,1,0,50.0,50.0,0.0,0,3,16,8,1,6
65.0,0.0,0.0,0.0,65.0,0.0,2025,4,15,1,2,0,65.0,65.0,0.0,1,2,17,8,0,6
50.0,0.0,0.0,0.0,50.0,0.0,2024,11,13,2,4,0,50.0,50.0,0.0,0,4,17,8,7,6
50.0,0.0,0.0,0.0,50.0,0.0,2024,11,13,2,4,0,50.0,50.0,0.0,0,5,17,6,7,6
50.0,0.0,0.0,0.0,50.0,0.0,2024,11,13,2,4,0,50.0,50.0,0.0,0,3,17,8,7,6
50.0,0.0,0.0,0.0,50.0,0.0,2024,11,13,2,4,0,50.0,50.0,0.0,0,5,16,8,7,6
150.0,0.0,0.0,0.0,150.0,0.0,2024,11,13,2,4,0,150.0,150.0,0.0,1,5,17,8,7,3
50.0,0.0,0.0,0.0,50.0,0.0,2024,11,13,2,4,0,50.0,50.0,0.0,0,2,16,8,7,6
50.0,25.0,2.19,0.07,77.12,0.0,2025,1,8,2,1,0,77.19,77.05000000000001,0.0,0,1,8,8,1,6
50.0,0.0,0.0,0.0,50.0,0.0,2025,9,19,4,3,0,50.0,50.0,0.0,0,3,17,8,1,6
115.0,0.0,0.0,0.0,115.0,0.0,2025,4,9,2,2,0,115.0,115.0,0.0,1,2,17,1,6,6
50.0,25.0,1.86,0.13,76.73,0.0,2025,2,20,3,1,0,76.86,76.60000000000001,0.0,0,3,17,8,1,6
50.0,0.0,0.0,0.0,50.0,0.0,2025,3,6,3,1,0,50.0,50.0,0.0,0,0,17,8,1,6
50.0,0.0,0.0,0.0,50.0,0.0,2025,3,11,1,1,0,50.0,50.0,0.0,0,0,17,6,1,6
50.0,0.0,0.0,0.0,50.0,0.0,2025,3,6,3,1,0,50.0,50.0,0.0,0,1,19,8,1,6
115.0,0.0,0.0,0.0,115.0,0.0,2025,4,14,0,2,0,115.0,115.0,0.0,1,3,16,8,0,6
65.0,0.0,0.0,0.0,65.0,0.0,2025,4,11,4,2,0,65.0,65.0,0.0,1,1,17,8,0,6
50.0,0.0,0.0,0.0,50.0,0.0,2025,9,24,2,3,0,50.0,50.0,0.0,0,3,17,1,1,6
50.0,0.0,0.0,0.0,50.0,0.0,2025,3,6,3,1,0,50.0,50.0,0.0,0,3,17,8,1,6
35.0,0.0,0.0,0.0,35.0,0.0,2025,5,1,3,2,0,35.0,35.0,0.0,0,2,17,8,6,6
65.0,0.0,0.0,25.0,40.0,0.0,2025,5,2,4,2,0,65.0,15.0,0.0,1,2,17,1,6,4
50.0,0.0,0.0,0.0,50.0,0.0,2025,3,22,5,1,1,50.0,50.0,0.0,0,0,17,8,1,6
50.0,0.0,0.0,0.0,50.0,0.0,2025,3,6,3,1,0,50.0,50.0,0.0,0,3,17,8,1,6
50.0,0.0,0.0,0.0,50.0,0.0,2025,3,11,1,1,0,50.0,50.0,0.0,0,0,17,8,1,6
50.0,0.0,0.0,0.0,50.0,0.0,2025,3,11,1,1,0,50.0,50.0,0.0,0,1,17,8,1,6
50.0,0.0,0.0,0.0,50.0,0.0,2025,1,15,2,1,0,50.0,50.0,0.0,0,1,17,6,7,3
65.0,0.0,0.0,0.0,65.0,0.0,2025,4,15,1,2,0,65.0,65.0,0.0,1,1,19,8,0,6
50.0,0.0,0.0,0.0,50.0,0.0,2025,3,6,3,1,0,50.0,50.0,0.0,0,1,17,6,1,6
50.0,0.0,0.0,0.0,50.0,0.0,2025,3,6,3,1,0,50.0,50.0,0.0,0,0,17,8,1,6
50.0,0.0,0.0,0.0,50.0,0.0,2025,3,6,3,1,0,50.0,50.0,0.0,0,1,17,8,1,6
65.0,0.0,0.0,0.0,65.0,0.0,2025,4,10,3,2,0,65.0,65.0,0.0,1,0,17,8,0,6
65.0,0.0,0.0,0.0,65.0,0.0,2025,4,11,4,2,0,65.0,65.0,0.0,1,1,16,8,0,6
65.0,0.0,0.0,0.0,65.0,0.0,2025,2,27,3,1,0,65.0,65.0,0.0,1,2,17,1,6,3
115.0,0.0,0.0,0.0,115.0,0.0,2025,4,3,3,2,0,115.0,115.0,0.0,1,1,24,8,5,6
50.0,0.0,0.0,0.0,50.0,0.0,2024,11,13,2,4,0,50.0,50.0,0.0,0,4,17,8,7,6
50.0,25.0,0.0,25.0,50.0,0.0,2025,3,22,5,1,1,75.0,25.0,0.0,0,3,17,8,1,6
50.0,0.0,0.0,0.0,50.0,0.0,2025,9,19,4,3,0,50.0,50.0,0.0,0,3,17,8,1,6
115.0,60.0,0.91,0.3,175.61,0.0,2025,5,17,5,2,1,175.91,175.31,0.0,1,3,17,8,5,6
115.0,60.0,18.129699999999982,0.22,201.19,0.0,2023,8,31,3,3,0,193.12969999999999,200.97,0.0,1,5,17,8,5,6
50.0,0.0,0.0,0.0,50.0,0.0,2025,3,6,3,1,0,50.0,50.0,0.0,0,3,17,8,1,6
50.0,0.0,0.0,0.0,50.0,0.0,2025,1,9,3,1,0,50.0,50.0,0.0,0,3,17,8,1,6
50.0,0.0,0.0,0.0,50.0,0.0,2025,3,6,3,1,0,50.0,50.0,0.0,0,3,16,8,1,6
50.0,0.0,0.0,0.0,50.0,0.0,2025,3,6,3,1,0,50.0,50.0,0.0,0,4,17,8,1,6
50.0,0.0,0.0,0.0,50.0,0.0,2025,3,11,1,1,0,50.0,50.0,0.0,0,1,17,8,1,6
65.0,0.0,0.0,0.0,65.0,0.0,2025,4,11,4,2,0,65.0,65.0,0.0,1,1,17,8,0,6
35.0,0.0,0.0,0.0,35.0,0.0,2023,4,26,2,2,0,35.0,35.0,0.0,0,1,17,1,6,1
65.0,0.0,0.0,0.0,65.0,0.0,2025,4,11,4,2,0,65.0,65.0,0.0,1,1,17,8,0,6
50.0,0.0,0.0,0.0,50.0,0.0,2024,12,29,6,4,1,50.0,50.0,0.0,0,1,17,7,1,6
50.0,0.0,0.0,0.0,50.0,0.0,2025,3,6,3,1,0,50.0,50.0,0.0,0,3,17,8,1,6
50.0,0.0,0.0,0.0,50.0,0.0,2025,3,6,3,1,0,50.0,50.0,0.0,0,3,17,8,1,6
50.0,0.0,0.0,0.0,50.0,0.0,2025,9,19,4,3,0,50.0,50.0,0.0,0,1,16,8,1,6
50.0,0.0,0.0,0.0,50.0,0.0,2025,9,19,4,3,0,50.0,50.0,0.0,0,1,17,8,1,6
115.0,60.0,18.129699999999982,0.0,201.25599999999994,0.0,2019,12,14,5,4,1,193.12969999999999,201.25599999999994,0.0,1,2,17,8,6,3
50.0,0.0,0.0,0.0,50.0,0.0,2024,11,13,2,4,0,50.0,50.0,0.0,0,5,17,8,7,3
50.0,0.0,0.0,0.0,50.0,0.0,2024,11,13,2,4,0,50.0,50.0,0.0,0,5,17,11,7,6
65.0,0.0,0.0,0.0,65.0,0.0,2025,10,27,0,4,0,65.0,65.0,0.0,1,0,10,8,0,6
60.0,0.0,0.0,0.0,60.0,0.0,2025,10,18,5,4,1,60.0,60.0,0.0,1,1,2,8,0,6
65.0,0.0,0.0,0.0,65.0,0.0,2025,10,17,4,4,0,65.0,65.0,0.0,1,1,17,8,0,6
50.0,0.0,0.0,0.0,50.0,0.0,2025,9,19,4,3,0,50.0,50.0,0.0,0,0,17,8,1,6
50.0,0.0,0.0,0.0,50.0,0.0,2025,9,19,4,3,0,50.0,50.0,0.0,0,0,17,8,1,6
50.0,0.0,0.0,0.0,50.0,0.0,2025,11,18,1,4,0,50.0,50.0,0.0,0,3,17,8,1,6
50.0,0.0,0.0,0.0,50.0,0.0,2025,9,24,2,3,0,50.0,50.0,0.0,0,1,17,8,1,6
50.0,0.0,0.0,0.0,50.0,0.0,2025,3,11,1,1,0,50.0,50.0,0.0,0,3,17,8,1,6
65.0,0.0,0.0,0.0,65.0,0.0,2025,4,10,3,2,0,65.0,65.0,0.0,1,2,17,8,0,6
65.0,0.0,0.0,0.0,65.0,0.0,2025,4,11,4,2,0,65.0,65.0,0.0,1,2,19,8,0,6
65.0,10.0,0.0,0.0,75.0,0.0,2025,1,14,1,1,0,75.0,75.0,0.0,1,3,17,8,6,6
50.0,0.0,0.0,0.0,50.0,0.0,2025,3,6,3,1,0,50.0,50.0,0.0,0,4,17,8,1,6
50.0,0.0,0.0,0.0,50.0,0.0,2025,3,6,3,1,0,50.0,50.0,0.0,0,1,17,6,1,6
95.0,60.0,0.0,30.0,125.0,0.0,2025,2,27,3,1,0,155.0,95.0,0.0,1,2,17,8,6,6
65.0,60.0,0.0,0.0,125.0,0.0,2025,2,28,4,1,0,125.0,125.0,0.0,1,2,17,8,6,6
50.0,0.0,0.0,0.0,50.0,0.0,2024,11,13,2,4,0,50.0,50.0,0.0,0,5,18,8,7,6
50.0,0.0,0.0,0.0,50.0,0.0,2024,11,13,2,4,0,50.0,50.0,0.0,0,5,17,8,7,3
50.0,0.0,0.0,0.0,50.0,0.0,2024,11,13,2,4,0,50.0,50.0,0.0,0,5,17,8,7,6
50.0,0.0,0.0,0.0,50.0,0.0,2024,11,13,2,4,0,50.0,50.0,0.0,0,5,17,8,7,6
115.0,0.0,0.0,0.0,115.0,0.0,2025,2,27,3,1,0,115.0,115.0,0.0,1,2,16,8,6,3
50.0,0.0,0.0,0.0,50.0,0.0,2025,9,24,2,3,0,50.0,50.0,0.0,0,0,17,8,1,6
50.0,0.0,0.0,0.0,50.0,0.0,2025,3,11,1,1,0,50.0,50.0,0.0,0,0,17,8,1,6
50.0,0.0,0.0,0.0,50.0,0.0,2025,9,24,2,3,0,50.0,50.0,0.0,0,4,17,8,1,6
50.0,25.0,0.0,0.0,75.0,0.0,2025,2,23,6,1,1,75.0,75.0,0.0,0,3,17,8,1,6
50.0,0.0,0.0,0.0,50.0,0.0,2025,3,22,5,1,1,50.0,50.0,0.0,0,1,17,8,1,6
50.0,0.0,0.0,0.0,50.0,0.0,2025,3,22,5,1,1,50.0,50.0,0.0,0,0,17,8,1,6
50.0,0.0,0.0,0.0,50.0,0.0,2025,3,11,1,1,0,50.0,50.0,0.0,0,3,17,8,1,6
65.0,0.0,0.0,0.0,65.0,0.0,2025,4,10,3,2,0,65.0,65.0,0.0,1,0,23,8,0,3
65.0,0.0,0.0,0.0,65.0,0.0,2025,4,11,4,2,0,65.0,65.0,0.0,1,1,17,6,0,6
65.0,60.0,18.129699999999982,0.19,167.3,0.0,2021,9,16,3,3,0,143.12969999999999,167.11,0.0,1,1,17,8,6,6
50.0,0.0,0.0,0.0,50.0,0.0,2025,9,19,4,3,0,50.0,50.0,0.0,0,1,17,8,1,6
50.0,0.0,0.0,0.0,50.0,0.0,2025,9,24,2,3,0,50.0,50.0,0.0,0,1,17,8,1,6
50.0,0.0,0.0,0.0,50.0,0.0,2025,3,22,5,1,1,50.0,50.0,0.0,0,3,17,8,1,6
50.0,0.0,0.0,0.0,50.0,0.0,2025,3,6,3,1,0,50.0,50.0,0.0,0,3,17,8,1,6
65.0,0.0,0.0,0.0,65.0,0.0,2025,4,9,2,2,0,65.0,65.0,0.0,1,2,17,1,6,6
65.0,0.0,0.0,35.0,30.0,0.0,2025,4,9,2,2,0,65.0,-5.0,0.0,1,2,17,1,6,4
50.0,0.0,0.0,0.0,50.0,0.0,2025,3,11,1,1,0,50.0,50.0,0.0,0,3,17,8,1,6
65.0,0.0,0.0,0.0,65.0,0.0,2025,4,15,1,2,0,65.0,65.0,0.0,1,1,17,8,0,6
50.0,0.0,0.0,0.0,50.0,0.0,2024,11,13,2,4,0,50.0,50.0,0.0,0,5,17,8,7,6
65.0,0.0,0.0,0.0,65.0,0.0,2025,4,15,1,2,0,65.0,65.0,0.0,1,2,17,8,0,6
50.0,0.0,0.0,0.0,50.0,0.0,2025,9,24,2,3,0,50.0,50.0,0.0,0,4,17,8,1,6
50.0,0.0,0.0,0.0,50.0,0.0,2025,3,6,3,1,0,50.0,50.0,0.0,0,4,17,8,1,6
50.0,0.0,0.0,0.0,50.0,0.0,2025,3,6,3,1,0,50.0,50.0,0.0,0,3,16,8,1,6
50.0,0.0,0.0,0.0,50.0,0.0,2025,9,19,4,3,0,50.0,50.0,0.0,0,3,17,8,1,6
50.0,0.0,0.0,0.0,50.0,0.0,2025,9,24,2,3,0,50.0,50.0,0.0,0,1,16,8,1,6
50.0,0.0,0.0,0.0,50.0,0.0,2025,9,24,2,3,0,50.0,50.0,0.0,0,3,17,8,1,6
50.0,25.0,1.4,0.06,76.34,0.0,2025,1,1,2,1,0,76.4,76.28,0.0,0,3,17,8,1,3
65.0,0.0,0.0,0.0,65.0,0.0,2025,5,2,4,2,0,65.0,65.0,0.0,1,2,17,8,6,6
50.0,0.0,0.0,0.0,50.0,0.0,2025,3,22,5,1,1,50.0,50.0,0.0,0,1,17,8,1,6
50.0,0.0,0.0,0.0,50.0,0.0,2025,3,6,3,1,0,50.0,50.0,0.0,0,3,17,8,1,6
50.0,0.0,0.0,0.0,50.0,0.0,2024,11,13,2,4,0,50.0,50.0,0.0,0,5,17,1,7,6
50.0,0.0,0.0,0.0,50.0,0.0,2024,11,13,2,4,0,50.0,50.0,0.0,0,5,17,8,7,6
50.0,0.0,0.0,0.0,50.0,0.0,2025,3,11,1,1,0,50.0,50.0,0.0,0,2,17,1,1,6
50.0,0.0,0.0,0.0,50.0,0.0,2025,3,11,1,1,0,50.0,50.0,0.0,0,2,17,8,1,6
35.0,0.0,0.0,0.0,35.0,0.0,2025,1,14,1,1,0,35.0,35.0,0.0,0,3,17,8,6,3
50.0,0.0,0.0,0.0,50.0,0.0,2025,3,11,1,1,0,50.0,50.0,0.0,0,3,17,8,1,6
50.0,0.0,0.0,0.0,50.0,0.0,2025,3,6,3,1,0,50.0,50.0,0.0,0,3,17,8,1,6
50.0,0.0,0.0,0.0,50.0,0.0,2025,3,6,3,1,0,50.0,50.0,0.0,0,1,17,8,1,6
65.0,0.0,0.0,0.0,65.0,0.0,2025,4,12,5,2,1,65.0,65.0,0.0,1,2,16,8,0,6
65.0,0.0,0.0,0.0,65.0,0.0,2025,4,10,3,2,0,65.0,65.0,0.0,1,0,17,8,0,6
115.0,0.0,0.0,0.0,115.0,0.0,2025,3,5,2,1,0,115.0,115.0,0.0,1,2,17,1,6,3
100.0,0.0,0.0,0.0,100.0,0.0,2025,11,4,1,4,0,100.0,100.0,0.0,1,2,17,6,7,6
50.0,25.0,0.0,0.0,75.0,0.0,2025,2,23,6,1,1,75.0,75.0,0.0,0,1,17,8,1,6
50.0,0.0,0.0,0.0,50.0,0.0,2025,9,19,4,3,0,50.0,50.0,0.0,0,2,17,6,1,6
50.0,0.0,0.0,0.0,50.0,0.0,2025,3,22,5,1,1,50.0,50.0,0.0,0,3,17,8,1,6
50.0,0.0,0.0,0.0,50.0,0.0,2025,3,6,3,1,0,50.0,50.0,0.0,0,2,16,8,1,6
50.0,0.0,0.0,0.0,50.0,0.0,2024,11,13,2,4,0,50.0,50.0,0.0,0,3,17,8,7,6
50.0,0.0,0.0,50.0,0.0,0.0,2024,11,13,2,4,0,50.0,-50.0,0.0,0,5,17,6,7,5
115.0,60.0,2.25,0.0,177.25,0.0,2024,2,20,1,1,0,177.25,177.25,0.0,1,3,17,8,6,6
50.0,0.0,0.0,0.0,50.0,0.0,2024,11,13,2,4,0,50.0,50.0,0.0,0,5,17,8,7,6
50.0,0.0,0.0,0.0,50.0,0.0,2024,11,13,2,4,0,50.0,50.0,0.0,0,5,17,8,7,6
50.0,0.0,0.0,0.0,50.0,0.0,2025,3,11,1,1,0,50.0,50.0,0.0,0,1,17,8,1,6
65.0,0.0,0.0,0.0,65.0,0.0,2025,4,15,1,2,0,65.0,65.0,0.0,1,1,17,8,0,6
50.0,0.0,0.0,0.0,50.0,0.0,2025,3,6,3,1,0,50.0,50.0,0.0,0,3,17,8,1,6
65.0,0.0,0.0,0.0,65.0,0.0,2025,4,15,1,2,0,65.0,65.0,0.0,1,2,19,8,0,6
50.0,0.0,0.0,0.0,50.0,0.0,2025,3,6,3,1,0,50.0,50.0,0.0,0,3,17,8,1,6
50.0,25.0,0.0,0.0,75.0,0.0,2025,2,23,6,1,1,75.0,75.0,0.0,0,3,17,8,1,6
65.0,60.0,18.129699999999982,0.0,145.08,0.0,2023,8,31,3,3,0,143.12969999999999,145.08,0.0,1,0,6,8,0,3
50.0,0.0,0.0,0.0,50.0,0.0,2025,3,11,1,1,0,50.0,50.0,0.0,0,0,5,8,1,6
50.0,25.0,1.92,0.06,76.86,0.0,2025,2,7,4,1,0,76.92,76.8,0.0,0,4,17,8,1,6
50.0,0.0,0.0,0.0,50.0,0.0,2025,3,22,5,1,1,50.0,50.0,0.0,0,2,16,8,1,6
50.0,0.0,0.0,0.0,50.0,0.0,2025,3,11,1,1,0,50.0,50.0,0.0,0,1,17,8,1,3
65.0,0.0,0.0,0.0,65.0,0.0,2023,5,4,3,2,0,65.0,65.0,0.0,1,1,17,8,6,1
50.0,0.0,0.0,0.0,50.0,0.0,2025,3,11,1,1,0,50.0,50.0,0.0,0,3,17,8,1,6
50.0,0.0,0.0,0.0,50.0,0.0,2025,3,6,3,1,0,50.0,50.0,0.0,0,3,17,8,1,6
65.0,0.0,0.0,0.0,65.0,0.0,2025,4,11,4,2,0,65.0,65.0,0.0,1,1,17,8,0,6
65.0,0.0,0.0,0.0,65.0,0.0,2025,4,11,4,2,0,65.0,65.0,0.0,1,1,17,8,0,6
65.0,0.0,0.0,0.0,65.0,0.0,2025,4,11,4,2,0,65.0,65.0,0.0,1,1,17,8,0,6
50.0,25.0,0.0,0.0,75.0,0.0,2025,3,6,3,1,0,75.0,75.0,0.0,0,2,16,8,1,6
65.0,30.0,0.0,0.0,95.0,0.0,2025,3,8,5,1,1,95.0,95.0,0.0,1,2,17,8,6,6
115.0,0.0,0.0,0.0,115.0,0.0,2025,3,7,4,1,0,115.0,115.0,0.0,1,2,17,1,6,3
50.0,0.0,0.0,0.0,50.0,0.0,2025,9,24,2,3,0,50.0,50.0,0.0,0,3,3,8,1,6
59.94399185336049,4.760692464358452,1.0263034623217924,1.8407230142566193,63.7833401221996,0.10692464358452139,2023,3,27,0,1,0,65.73098778004073,61.94261710794298,0.0016267006962124057,1,5,7,8,8,6
59.94399185336049,4.760692464358452,1.0263034623217924,1.8407230142566193,63.7833401221996,0.10692464358452139,2023,3,27,0,1,0,65.73098778004073,61.94261710794298,0.0016267006962124057,1,5,16,8,8,6
65.0,10.0,0.0,10.0,65.0,0.0,2025,3,24,0,1,0,75.0,55.0,0.0,1,2,17,8,6,6
50.0,0.0,0.0,0.0,50.0,0.0,2025,3,22,5,1,1,50.0,50.0,0.0,0,1,17,8,1,6
50.0,0.0,0.0,0.0,50.0,0.0,2024,11,13,2,4,0,50.0,50.0,0.0,0,5,17,11,7,6
100.0,0.0,0.0,0.0,100.0,0.0,2024,11,13,2,4,0,100.0,100.0,0.0,1,5,17,8,7,6
50.0,0.0,0.0,0.0,50.0,0.0,2024,11,13,2,4,0,50.0,50.0,0.0,0,3,17,8,7,6
50.0,0.0,0.0,0.0,50.0,0.0,2024,11,13,2,4,0,50.0,50.0,0.0,0,5,17,8,7,6
50.0,0.0,0.0,0.0,50.0,0.0,2025,3,6,3,1,0,50.0,50.0,0.0,0,1,17,8,1,6
50.0,0.0,0.0,0.0,50.0,0.0,2024,11,13,2,4,0,50.0,50.0,0.0,0,3,17,6,7,6
50.0,0.0,0.0,0.0,50.0,0.0,2025,3,11,1,1,0,50.0,50.0,0.0,0,3,17,8,1,6
50.0,0.0,0.0,0.0,50.0,0.0,2025,3,6,3,1,0,50.0,50.0,0.0,0,3,19,8,1,6
65.0,0.0,0.0,0.0,65.0,0.0,2025,4,15,1,2,0,65.0,65.0,0.0,1,0,17,8,0,6
65.0,0.0,0.0,0.0,65.0,0.0,2025,4,10,3,2,0,65.0,65.0,0.0,1,2,17,8,0,6
65.0,0.0,0.0,0.0,65.0,0.0,2025,4,11,4,2,0,65.0,65.0,0.0,1,2,17,8,0,6
50.0,0.0,0.0,0.0,50.0,0.0,2025,3,6,3,1,0,50.0,50.0,0.0,0,4,17,8,1,6
65.0,0.0,0.0,0.0,65.0,0.0,2025,4,11,4,2,0,65.0,65.0,0.0,1,2,17,8,0,6
50.0,0.0,0.0,0.0,50.0,0.0,2025,3,11,1,1,0,50.0,50.0,0.0,0,0,17,8,1,6
50.0,0.0,0.0,0.0,50.0,0.0,2025,3,6,3,1,0,50.0,50.0,0.0,0,1,17,8,1,6
50.0,0.0,0.0,0.0,50.0,0.0,2025,9,24,2,3,0,50.0,50.0,0.0,0,0,17,8,1,6
50.0,25.0,0.0,0.0,75.0,0.0,2025,9,23,1,3,0,75.0,75.0,0.0,0,2,16,8,1,6
50.0,25.0,1.73,0.13,76.6,0.0,2025,2,20,3,1,0,76.73,76.47,0.0,0,1,17,6,1,6
50.0,0.0,0.0,0.0,50.0,0.0,2025,3,22,5,1,1,50.0,50.0,0.0,0,0,17,8,1,6
115.0,0.0,0.0,0.0,115.0,0.0,2024,11,14,3,4,0,115.0,115.0,0.0,1,1,17,8,6,6
115.0,0.0,0.0,0.0,115.0,0.0,2024,11,14,3,4,0,115.0,115.0,0.0,1,1,17,8,6,6
35.0,0.0,0.0,35.0,0.0,0.0,2024,11,13,2,4,0,35.0,-35.0,0.0,0,1,17,8,6,5
50.0,0.0,0.0,0.0,50.0,0.0,2024,11,13,2,4,0,50.0,50.0,0.0,0,5,17,11,7,6
50.0,0.0,0.0,0.0,50.0,0.0,2024,11,13,2,4,0,50.0,50.0,0.0,0,1,17,8,7,3
50.0,0.0,0.0,0.0,50.0,0.0,2024,11,13,2,4,0,50.0,50.0,0.0,0,1,16,8,7,6
115.0,0.0,0.0,0.0,115.0,0.0,2025,3,26,2,1,0,115.0,115.0,0.0,1,2,17,1,6,6
50.0,25.0,17.21,0.0,92.21,0.0,2022,6,9,3,2,0,92.21000000000001,92.21,0.0,0,1,17,8,1,6
50.0,25.0,17.09,0.02,92.07,0.0,2022,6,15,2,2,0,92.09,92.05,0.0,0,1,17,8,1,6
50.0,25.0,16.96,0.02,91.94,0.0,2022,6,22,2,2,0,91.96000000000001,91.92,0.0,0,1,17,8,1,6
65.0,0.0,0.0,0.0,65.0,0.0,2025,3,27,3,1,0,65.0,65.0,0.0,1,2,17,8,6,6
50.0,0.0,0.0,0.0,50.0,0.0,2025,3,6,3,1,0,50.0,50.0,0.0,0,2,17,9,1,6
50.0,0.0,0.0,0.0,50.0,0.0,2025,3,6,3,1,0,50.0,50.0,0.0,0,1,17,8,1,3
50.0,0.0,0.0,0.0,50.0,0.0,2025,3,6,3,1,0,50.0,50.0,0.0,0,3,17,8,1,6
50.0,0.0,0.0,0.0,50.0,0.0,2025,3,6,3,1,0,50.0,50.0,0.0,0,1,17,8,1,6
50.0,0.0,0.0,0.0,50.0,0.0,2025,3,6,3,1,0,50.0,50.0,0.0,0,1,17,8,1,6
115.0,0.0,0.0,0.0,115.0,0.0,2024,11,14,3,4,0,115.0,115.0,0.0,1,1,17,8,6,6
35.0,0.0,0.0,0.0,35.0,0.0,2024,11,16,5,4,1,35.0,35.0,0.0,0,1,17,5,6,6
35.0,0.0,0.0,0.0,35.0,0.0,2024,11,15,4,4,0,35.0,35.0,0.0,0,1,17,8,6,6
50.0,0.0,0.0,0.0,50.0,0.0,2024,11,13,2,4,0,50.0,50.0,0.0,0,3,17,8,7,6
50.0,0.0,0.0,0.0,50.0,0.0,2024,11,13,2,4,0,50.0,50.0,0.0,0,5,17,4,7,3
150.0,0.0,0.0,0.0,201.25599999999994,0.0,2024,11,13,2,4,0,150.0,201.25599999999994,0.0,1,2,17,1,7,6
65.0,0.0,0.0,0.0,65.0,0.0,2025,5,6,1,2,0,65.0,65.0,0.0,1,2,17,6,6,6
50.0,0.0,0.0,0.0,50.0,0.0,2025,3,6,3,1,0,50.0,50.0,0.0,0,2,13,8,1,6
50.0,0.0,0.0,0.0,50.0,0.0,2025,9,19,4,3,0,50.0,50.0,0.0,0,0,17,8,1,6
50.0,0.0,0.0,0.0,50.0,0.0,2025,3,22,5,1,1,50.0,50.0,0.0,0,0,17,8,1,6
50.0,25.0,0.0,0.0,75.0,0.0,2025,3,6,3,1,0,75.0,75.0,0.0,0,0,16,8,1,6
50.0,25.0,13.89,0.07,88.82,0.0,2022,6,20,0,2,0,88.89,88.75,0.0,0,3,6,8,1,6
50.0,25.0,16.81,0.0,91.81,0.0,2022,6,24,4,2,0,91.81,91.81,0.0,0,3,17,8,1,6
50.0,0.0,0.0,0.0,50.0,0.0,2025,3,11,1,1,0,50.0,50.0,0.0,0,3,17,8,1,6
50.0,0.0,0.0,0.0,50.0,0.0,2025,3,6,3,1,0,50.0,50.0,0.0,0,3,17,8,1,6
50.0,0.0,0.0,0.0,50.0,0.0,2025,3,6,3,1,0,50.0,50.0,0.0,0,3,17,8,1,6
50.0,0.0,0.0,0.0,50.0,0.0,2025,3,6,3,1,0,50.0,50.0,0.0,0,3,17,8,1,6
50.0,0.0,0.0,0.0,50.0,0.0,2025,3,6,3,1,0,50.0,50.0,0.0,0,0,17,8,1,6
50.0,0.0,0.0,0.0,50.0,0.0,2025,3,6,3,1,0,50.0,50.0,0.0,0,3,17,8,1,6
100.0,0.0,0.0,0.0,100.0,0.0,2024,11,13,2,4,0,100.0,100.0,0.0,1,3,23,8,7,6
50.0,0.0,0.0,0.0,50.0,0.0,2024,11,13,2,4,0,50.0,50.0,0.0,0,4,17,8,7,6
150.0,0.0,0.0,0.0,150.0,0.0,2024,11,13,2,4,0,150.0,150.0,0.0,1,5,17,8,7,6
65.0,0.0,0.0,0.0,65.0,0.0,2025,5,6,1,2,0,65.0,65.0,0.0,1,2,17,8,6,6
65.0,0.0,0.0,0.0,65.0,0.0,2025,4,11,4,2,0,65.0,65.0,0.0,1,2,17,8,0,6
65.0,0.0,0.0,0.0,65.0,0.0,2025,4,15,1,2,0,65.0,65.0,0.0,1,2,17,8,0,6
65.0,0.0,0.0,0.0,65.0,0.0,2025,4,15,1,2,0,65.0,65.0,0.0,1,1,17,8,0,6
50.0,0.0,0.0,0.0,50.0,0.0,2025,3,6,3,1,0,50.0,50.0,0.0,0,3,17,8,1,6
50.0,0.0,0.0,0.0,50.0,0.0,2025,3,6,3,1,0,50.0,50.0,0.0,0,0,17,8,1,6
50.0,0.0,0.0,0.0,50.0,0.0,2025,3,6,3,1,0,50.0,50.0,0.0,0,3,17,8,1,6
59.94399185336049,4.760692464358452,1.0263034623217924,1.8407230142566193,63.7833401221996,0.10692464358452139,2023,9,21,3,3,0,65.73098778004073,61.94261710794298,0.0016267006962124057,1,5,7,8,8,6
50.0,0.0,0.0,0.0,50.0,0.0,2025,11,4,1,4,0,50.0,50.0,0.0,0,1,17,5,7,6
50.0,0.0,0.0,0.0,50.0,0.0,2025,11,4,1,4,0,50.0,50.0,0.0,0,2,16,8,7,6
50.0,0.0,0.0,0.0,50.0,0.0,2025,11,4,1,4,0,50.0,50.0,0.0,0,5,16,8,7,6
115.0,0.0,0.0,0.0,115.0,0.0,2024,11,18,0,4,0,115.0,115.0,0.0,1,1,17,6,6,6
50.0,0.0,0.0,0.0,50.0,0.0,2024,11,13,2,4,0,50.0,50.0,0.0,0,5,17,8,7,6
50.0,0.0,0.0,0.0,50.0,0.0,2024,11,13,2,4,0,50.0,50.0,0.0,0,3,16,8,7,6
115.0,0.0,0.0,0.0,115.0,0.0,2024,11,19,1,4,0,115.0,115.0,0.0,1,1,4,8,6,6
50.0,0.0,0.0,0.0,50.0,0.0,2024,11,13,2,4,0,50.0,50.0,0.0,0,5,17,8,7,6
50.0,0.0,0.0,0.0,50.0,0.0,2024,11,13,2,4,0,50.0,50.0,0.0,0,4,17,8,7,6
50.0,25.0,0.0,25.0,50.0,0.0,2025,9,23,1,3,0,75.0,25.0,0.0,0,1,17,8,1,6
50.0,0.0,0.0,0.0,50.0,0.0,2025,9,24,2,3,0,50.0,50.0,0.0,0,1,17,8,1,6
65.0,0.0,0.0,0.0,65.0,0.0,2025,5,6,1,2,0,65.0,65.0,0.0,1,2,17,8,6,6
50.0,0.0,0.0,0.0,50.0,0.0,2025,3,11,1,1,0,50.0,50.0,0.0,0,3,17,8,1,6
50.0,0.0,0.0,0.0,50.0,0.0,2025,3,22,5,1,1,50.0,50.0,0.0,0,3,16,8,1,6
65.0,0.0,0.0,0.0,65.0,0.0,2025,4,15,1,2,0,65.0,65.0,0.0,1,1,5,1,0,6
65.0,0.0,0.0,0.0,65.0,0.0,2025,4,15,1,2,0,65.0,65.0,0.0,1,1,17,8,0,6
50.0,0.0,0.0,0.0,50.0,0.0,2025,3,6,3,1,0,50.0,50.0,0.0,0,2,17,8,1,6
50.0,25.0,0.0,0.0,75.0,0.0,2025,9,23,1,3,0,75.0,75.0,0.0,0,4,17,8,1,6
115.0,0.0,0.0,0.0,115.0,0.0,2022,7,21,3,3,0,115.0,115.0,0.0,1,1,17,8,6,3
50.0,0.0,0.0,0.0,50.0,0.0,2024,11,13,2,4,0,50.0,50.0,0.0,0,3,23,8,7,6
50.0,0.0,0.0,0.0,50.0,0.0,2024,11,13,2,4,0,50.0,50.0,0.0,0,5,17,8,7,6
100.0,0.0,0.0,0.0,100.0,0.0,2024,11,13,2,4,0,100.0,100.0,0.0,1,5,16,8,7,6
100.0,0.0,0.0,0.0,100.0,0.0,2024,11,13,2,4,0,100.0,100.0,0.0,1,5,17,8,7,6
50.0,0.0,0.0,0.0,50.0,0.0,2024,11,13,2,4,0,50.0,50.0,0.0,0,5,17,8,7,6
50.0,0.0,0.0,0.0,50.0,0.0,2024,11,13,2,4,0,50.0,50.0,0.0,0,5,16,8,7,6
50.0,0.0,0.0,0.0,50.0,0.0,2025,3,6,3,1,0,50.0,50.0,0.0,0,2,17,8,1,6
50.0,25.0,0.0,0.0,75.0,0.0,2025,9,19,4,3,0,75.0,75.0,0.0,0,3,19,8,1,6
35.0,0.0,0.0,0.0,35.0,0.0,2025,4,10,3,2,0,35.0,35.0,0.0,0,2,17,8,6,3
50.0,0.0,0.0,0.0,50.0,0.0,2025,9,19,4,3,0,50.0,50.0,0.0,0,0,17,8,1,6
50.0,0.0,0.0,0.0,50.0,0.0,2025,3,22,5,1,1,50.0,50.0,0.0,0,1,16,8,1,3
50.0,0.0,0.0,0.0,50.0,0.0,2025,3,22,5,1,1,50.0,50.0,0.0,0,4,17,11,1,6
50.0,0.0,0.0,0.0,50.0,0.0,2025,3,11,1,1,0,50.0,50.0,0.0,0,0,17,7,1,6
65.0,0.0,0.0,0.0,65.0,0.0,2025,4,15,1,2,0,65.0,65.0,0.0,1,3,17,8,0,6
65.0,0.0,0.0,25.0,40.0,0.0,2025,4,15,1,2,0,65.0,15.0,0.0,1,1,17,1,0,4
50.0,0.0,0.0,0.0,50.0,0.0,2025,3,22,5,1,1,50.0,50.0,0.0,0,4,17,8,1,6
59.94399185336049,4.760692464358452,1.0263034623217924,1.8407230142566193,63.7833401221996,0.10692464358452139,2023,9,21,3,3,0,65.73098778004073,61.94261710794298,0.0016267006962124057,1,5,7,8,8,6
95.0,0.0,0.0,0.0,95.0,0.0,2025,4,21,0,2,0,95.0,95.0,0.0,1,5,24,8,5,6
65.0,10.0,0.0,55.09999999999991,0.0,0.0,2025,3,17,0,1,0,75.0,-55.09999999999991,0.0,1,2,17,1,6,5
50.0,0.0,0.0,0.0,50.0,0.0,2024,11,13,2,4,0,50.0,50.0,0.0,0,5,14,8,7,6
50.0,0.0,0.0,0.0,50.0,0.0,2024,11,13,2,4,0,50.0,50.0,0.0,0,5,17,8,7,6
95.0,10.0,0.0,0.0,105.0,0.0,2025,3,24,0,1,0,105.0,105.0,0.0,1,1,17,8,5,6
50.0,25.0,0.0,0.0,75.0,0.0,2025,9,23,1,3,0,75.0,75.0,0.0,0,3,17,8,1,6
50.0,25.0,1.88,0.02,76.86,0.0,2025,2,7,4,1,0,76.88,76.84,0.0,0,1,17,8,1,3
50.0,0.0,0.0,0.0,50.0,0.0,2025,3,22,5,1,1,50.0,50.0,0.0,0,2,5,8,1,6
50.0,0.0,0.0,0.0,50.0,0.0,2025,3,22,5,1,1,50.0,50.0,0.0,0,3,10,8,1,6
65.0,0.0,0.0,55.09999999999991,0.0,0.0,2023,5,15,0,2,0,65.0,-55.09999999999991,0.0,1,2,9,8,6,5
50.0,0.0,0.0,0.0,50.0,0.0,2025,3,11,1,1,0,50.0,50.0,0.0,0,1,17,8,1,6
50.0,0.0,0.0,0.0,50.0,0.0,2025,3,11,1,1,0,50.0,50.0,0.0,0,3,17,8,1,6
115.0,0.0,0.0,0.0,115.0,0.0,2025,4,10,3,2,0,115.0,115.0,0.0,1,1,19,8,0,6
50.0,25.0,0.0,0.0,75.0,0.0,2025,2,23,6,1,1,75.0,75.0,0.0,0,0,21,8,1,6
50.0,25.0,0.0,0.0,75.0,0.0,2025,2,23,6,1,1,75.0,75.0,0.0,0,1,17,8,1,3
115.0,10.0,0.0,0.0,125.0,0.0,2023,11,17,4,4,0,125.0,125.0,0.0,1,5,24,8,5,6
115.0,30.0,0.0,0.0,145.0,0.0,2025,2,22,5,1,1,145.0,145.0,0.0,1,1,17,8,5,6
65.0,0.0,0.0,0.0,65.0,0.0,2025,3,19,2,1,0,65.0,65.0,0.0,1,2,16,8,6,3
150.0,0.0,0.0,0.0,150.0,0.0,2025,11,4,1,4,0,150.0,150.0,0.0,1,5,17,8,7,6
65.0,0.0,0.0,0.0,65.0,0.0,2025,4,15,1,2,0,65.0,65.0,0.0,1,1,17,8,0,6
65.0,0.0,0.0,0.0,65.0,0.0,2025,4,11,4,2,0,65.0,65.0,0.0,1,2,16,8,0,6
50.0,0.0,0.0,0.0,50.0,0.0,2025,2,23,6,1,1,50.0,50.0,0.0,0,1,17,8,1,6
35.0,0.0,0.0,0.0,35.0,0.0,2025,4,10,3,2,0,35.0,35.0,0.0,0,2,16,8,6,6
50.0,0.0,0.0,0.0,50.0,0.0,2025,9,19,4,3,0,50.0,50.0,0.0,0,3,17,8,1,6
50.0,0.0,0.0,0.0,50.0,0.0,2024,11,13,2,4,0,50.0,50.0,0.0,0,5,17,6,7,3
50.0,0.0,0.0,0.0,50.0,0.0,2024,11,13,2,4,0,50.0,50.0,0.0,0,3,17,8,7,3
50.0,0.0,0.0,0.0,50.0,0.0,2024,11,13,2,4,0,50.0,50.0,0.0,0,3,17,8,7,6
50.0,0.0,0.0,0.0,50.0,0.0,2024,11,13,2,4,0,50.0,50.0,0.0,0,5,19,8,7,6
50.0,0.0,0.0,0.0,50.0,0.0,2025,3,22,5,1,1,50.0,50.0,0.0,0,3,16,8,1,6
50.0,0.0,0.0,0.0,50.0,0.0,2025,9,19,4,3,0,50.0,50.0,0.0,0,3,16,8,1,6
50.0,0.0,0.0,0.0,50.0,0.0,2025,9,19,4,3,0,50.0,50.0,0.0,0,3,17,8,1,6
50.0,0.0,0.0,0.0,50.0,0.0,2025,11,4,1,4,0,50.0,50.0,0.0,0,5,17,11,7,6
65.0,0.0,0.0,0.0,65.0,0.0,2025,4,12,5,2,1,65.0,65.0,0.0,1,2,17,8,6,6
50.0,0.0,0.0,0.0,50.0,0.0,2025,3,22,5,1,1,50.0,50.0,0.0,0,3,19,8,1,6
50.0,0.0,0.0,0.0,50.0,0.0,2025,9,19,4,3,0,50.0,50.0,0.0,0,1,17,8,1,6
50.0,0.0,0.0,0.0,50.0,0.0,2025,3,11,1,1,0,50.0,50.0,0.0,0,0,10,8,1,6
50.0,0.0,0.0,0.0,50.0,0.0,2024,11,13,2,4,0,50.0,50.0,0.0,0,1,17,8,7,6
50.0,0.0,0.0,0.0,50.0,0.0,2024,11,13,2,4,0,50.0,50.0,0.0,0,4,17,8,7,6
50.0,0.0,0.0,0.0,50.0,0.0,2024,11,13,2,4,0,50.0,50.0,0.0,0,5,6,8,7,6
50.0,0.0,0.0,0.0,50.0,0.0,2024,11,13,2,4,0,50.0,50.0,0.0,0,4,8,8,7,6
100.0,0.0,0.0,0.0,100.0,0.0,2025,1,15,2,1,0,100.0,100.0,0.0,1,5,17,8,7,6
50.0,0.0,0.0,0.0,50.0,0.0,2025,3,11,1,1,0,50.0,50.0,0.0,0,3,17,8,1,6
50.0,0.0,0.0,0.0,50.0,0.0,2025,3,6,3,1,0,50.0,50.0,0.0,0,1,17,8,1,6
50.0,0.0,0.0,0.0,50.0,0.0,2025,3,11,1,1,0,50.0,50.0,0.0,0,3,17,8,1,6
115.0,0.0,0.0,0.0,115.0,0.0,2025,4,11,4,2,0,115.0,115.0,0.0,1,0,19,8,0,6
65.0,0.0,0.0,0.0,65.0,0.0,2025,4,15,1,2,0,65.0,65.0,0.0,1,1,17,8,0,6
95.0,10.0,0.0,0.0,0.0,0.10692464358452139,2023,7,25,1,3,0,105.0,0.0,0.0010183299389002038,1,1,23,8,5,6
50.0,0.0,0.0,0.0,50.0,0.0,2025,11,4,1,4,0,50.0,50.0,0.0,0,1,17,8,7,6
150.0,60.0,3.67,0.02,201.25599999999994,0.0,2024,5,23,3,2,0,213.67,201.23599999999993,0.0,1,0,17,8,5,6
50.0,0.0,0.0,0.0,50.0,0.0,2025,9,19,4,3,0,50.0,50.0,0.0,0,2,17,8,1,6
50.0,25.0,0.0,0.0,75.0,0.0,2025,2,23,6,1,1,75.0,75.0,0.0,0,0,17,8,1,6
115.0,0.0,0.0,0.0,115.0,0.0,2025,6,20,4,2,0,115.0,115.0,0.0,1,5,17,8,5,6
50.0,0.0,0.0,0.0,50.0,0.0,2025,3,23,6,1,1,50.0,50.0,0.0,0,1,17,8,1,6
50.0,0.0,0.0,0.0,50.0,0.0,2025,9,19,4,3,0,50.0,50.0,0.0,0,1,17,8,1,6
50.0,0.0,0.0,0.0,50.0,0.0,2024,11,13,2,4,0,50.0,50.0,0.0,0,3,17,8,7,6
50.0,0.0,0.0,0.0,50.0,0.0,2024,11,13,2,4,0,50.0,50.0,0.0,0,5,17,8,7,3
50.0,0.0,0.0,0.0,50.0,0.0,2024,11,13,2,4,0,50.0,50.0,0.0,0,3,17,6,7,6
50.0,0.0,0.0,0.0,50.0,0.0,2025,3,11,1,1,0,50.0,50.0,0.0,0,3,17,8,1,6
50.0,0.0,0.0,0.0,50.0,0.0,2025,3,11,1,1,0,50.0,50.0,0.0,0,1,17,8,1,6
50.0,0.0,0.0,0.0,50.0,0.0,2025,3,11,1,1,0,50.0,50.0,0.0,0,4,16,8,1,6
50.0,0.0,0.0,0.0,50.0,0.0,2025,3,6,3,1,0,50.0,50.0,0.0,0,3,17,8,1,6
50.0,0.0,0.0,0.0,50.0,0.0,2025,3,11,1,1,0,50.0,50.0,0.0,0,4,17,11,1,6
50.0,0.0,0.0,0.0,50.0,0.0,2025,3,6,3,1,0,50.0,50.0,0.0,0,4,17,8,1,6
50.0,0.0,0.0,0.0,50.0,0.0,2025,3,6,3,1,0,50.0,50.0,0.0,0,3,17,8,1,6
50.0,0.0,0.0,0.0,50.0,0.0,2025,3,11,1,1,0,50.0,50.0,0.0,0,1,17,8,1,6
65.0,0.0,0.0,0.0,65.0,0.0,2025,4,11,4,2,0,65.0,65.0,0.0,1,1,17,8,0,6
65.0,0.0,0.0,0.0,65.0,0.0,2025,4,15,1,2,0,65.0,65.0,0.0,1,1,17,11,0,6
50.0,0.0,0.0,0.0,50.0,0.0,2025,3,6,3,1,0,50.0,50.0,0.0,0,3,17,8,1,6
50.0,25.0,0.0,0.0,75.0,0.0,2025,2,23,6,1,1,75.0,75.0,0.0,0,1,17,8,1,6
50.0,25.0,0.0,0.0,75.0,0.0,2025,9,23,1,3,0,75.0,75.0,0.0,0,2,16,8,1,6
65.0,0.0,0.0,0.0,65.0,0.0,2025,4,12,5,2,1,65.0,65.0,0.0,1,2,17,8,6,6
50.0,0.0,0.0,0.0,50.0,0.0,2025,9,19,4,3,0,50.0,50.0,0.0,0,4,17,8,1,6
50.0,0.0,0.0,0.0,50.0,0.0,2025,9,24,2,3,0,50.0,50.0,0.0,0,2,17,8,1,6
50.0,0.0,0.0,0.0,50.0,0.0,2025,9,19,4,3,0,50.0,50.0,0.0,0,1,17,8,1,6
50.0,25.0,1.86,0.13,76.73,0.0,2025,2,7,4,1,0,76.86,76.60000000000001,0.0,0,1,17,8,1,6
65.0,60.0,18.129699999999982,0.31,189.4,0.0,2018,11,13,1,4,0,143.12969999999999,189.09,0.0,1,3,17,1,6,6
50.0,0.0,0.0,0.0,50.0,0.0,2024,11,13,2,4,0,50.0,50.0,0.0,0,1,17,8,7,3
50.0,0.0,0.0,0.0,50.0,0.0,2024,11,13,2,4,0,50.0,50.0,0.0,0,5,17,1,7,6
65.0,0.0,0.0,0.0,65.0,0.0,2025,4,12,5,2,1,65.0,65.0,0.0,1,0,17,8,0,6
50.0,0.0,0.0,0.0,50.0,0.0,2025,3,23,6,1,1,50.0,50.0,0.0,0,3,17,8,1,6
50.0,0.0,0.0,0.0,50.0,0.0,2025,3,23,6,1,1,50.0,50.0,0.0,0,1,17,6,1,6
50.0,0.0,0.0,0.0,50.0,0.0,2025,3,6,3,1,0,50.0,50.0,0.0,0,0,17,8,1,6
50.0,0.0,0.0,0.0,50.0,0.0,2025,3,6,3,1,0,50.0,50.0,0.0,0,1,10,8,1,6
50.0,0.0,0.0,0.0,50.0,0.0,2025,3,6,3,1,0,50.0,50.0,0.0,0,0,17,8,1,6
50.0,0.0,0.0,0.0,50.0,0.0,2025,3,6,3,1,0,50.0,50.0,0.0,0,3,17,11,1,6
50.0,0.0,0.0,0.0,50.0,0.0,2025,9,19,4,3,0,50.0,50.0,0.0,0,1,17,6,1,6
50.0,0.0,0.0,0.0,50.0,0.0,2024,11,13,2,4,0,50.0,50.0,0.0,0,2,16,8,7,6
50.0,25.0,1.9,0.04,76.86,0.0,2025,2,7,4,1,0,76.9,76.82,0.0,0,3,17,8,1,6
50.0,0.0,0.0,0.0,50.0,0.0,2025,3,23,6,1,1,50.0,50.0,0.0,0,2,6,8,1,6
50.0,25.0,0.0,0.0,75.0,0.0,2025,2,23,6,1,1,75.0,75.0,0.0,0,1,17,8,1,6
150.0,0.0,0.0,0.0,150.0,0.0,2025,3,23,6,1,1,150.0,150.0,0.0,1,2,17,8,7,6
50.0,0.0,0.0,0.0,50.0,0.0,2025,3,11,1,1,0,50.0,50.0,0.0,0,0,19,8,1,6
115.0,0.0,0.0,55.09999999999991,0.0,0.0,2023,5,13,5,2,1,115.0,-55.09999999999991,0.0,1,2,9,8,6,5
50.0,0.0,0.0,0.0,50.0,0.0,2025,3,11,1,1,0,50.0,50.0,0.0,0,3,19,8,1,6
50.0,0.0,0.0,0.0,50.0,0.0,2025,3,6,3,1,0,50.0,50.0,0.0,0,4,17,8,1,6
50.0,0.0,0.0,0.0,50.0,0.0,2025,3,6,3,1,0,50.0,50.0,0.0,0,4,17,8,1,6
115.0,30.0,0.0,0.0,145.0,0.0,2025,1,7,1,1,0,145.0,145.0,0.0,1,2,17,8,3,2
65.0,60.0,0.59,0.09,125.5,0.0,2025,1,13,0,1,0,125.59,125.41,0.0,1,2,17,8,3,6
115.0,0.0,0.0,0.0,115.0,0.0,2025,3,4,1,1,0,115.0,115.0,0.0,1,2,16,8,6,3
115.0,60.0,0.91,0.22,175.69,0.0,2025,1,10,4,1,0,175.91,175.47,0.0,1,2,17,6,3,6
50.0,0.0,0.0,0.0,50.0,0.0,2025,11,18,1,4,0,50.0,50.0,0.0,0,3,16,8,1,6
50.0,25.0,0.0,25.0,50.0,0.0,2025,9,23,1,3,0,75.0,25.0,0.0,0,3,17,8,1,6
50.0,0.0,0.0,0.0,50.0,0.0,2025,9,19,4,3,0,50.0,50.0,0.0,0,0,17,8,1,6
50.0,0.0,0.0,0.0,50.0,0.0,2025,3,11,1,1,0,50.0,50.0,0.0,0,3,19,8,1,6
50.0,0.0,0.0,0.0,50.0,0.0,2025,3,6,3,1,0,50.0,50.0,0.0,0,0,17,8,1,6
50.0,0.0,0.0,0.0,50.0,0.0,2024,11,13,2,4,0,50.0,50.0,0.0,0,5,17,6,7,6
50.0,0.0,0.0,0.0,50.0,0.0,2025,3,6,3,1,0,50.0,50.0,0.0,0,4,17,8,1,6
50.0,0.0,0.0,0.0,50.0,0.0,2025,3,11,1,1,0,50.0,50.0,0.0,0,2,17,8,1,6
50.0,0.0,0.0,0.0,50.0,0.0,2025,3,11,1,1,0,50.0,50.0,0.0,0,0,17,8,1,6
65.0,0.0,0.0,0.0,65.0,0.0,2025,4,11,4,2,0,65.0,65.0,0.0,1,2,16,8,0,6
65.0,0.0,0.0,0.0,65.0,0.0,2025,4,11,4,2,0,65.0,65.0,0.0,1,2,16,8,0,6
65.0,0.0,0.0,0.0,65.0,0.0,2025,4,15,1,2,0,65.0,65.0,0.0,1,2,17,8,0,6
65.0,0.0,0.0,0.0,65.0,0.0,2025,4,15,1,2,0,65.0,65.0,0.0,1,0,17,6,0,6
50.0,0.0,0.0,0.0,50.0,0.0,2025,3,6,3,1,0,50.0,50.0,0.0,0,1,17,8,1,6
50.0,0.0,0.0,0.0,50.0,0.0,2025,3,6,3,1,0,50.0,50.0,0.0,0,0,17,8,1,6
50.0,0.0,0.0,0.0,50.0,0.0,2025,11,4,1,4,0,50.0,50.0,0.0,0,5,16,8,7,6
50.0,25.0,0.0,0.0,75.0,0.0,2025,2,23,6,1,1,75.0,75.0,0.0,0,4,17,8,1,6
50.0,0.0,0.0,0.0,50.0,0.0,2025,11,18,1,4,0,50.0,50.0,0.0,0,3,17,8,1,6
50.0,0.0,0.0,0.0,50.0,0.0,2024,11,13,2,4,0,50.0,50.0,0.0,0,1,17,8,7,6
50.0,0.0,0.0,0.0,50.0,0.0,2025,9,24,2,3,0,50.0,50.0,0.0,0,3,17,8,1,6
50.0,25.0,2.16,0.0,77.16,0.0,2025,1,9,3,1,0,77.16,77.16,0.0,0,3,19,8,1,6
50.0,0.0,0.0,0.0,50.0,0.0,2025,3,23,6,1,1,50.0,50.0,0.0,0,3,17,8,1,6
50.0,25.0,0.0,0.0,75.0,0.0,2025,3,11,1,1,0,75.0,75.0,0.0,0,0,17,8,1,6
65.0,0.0,0.0,0.0,65.0,0.0,2025,3,27,3,1,0,65.0,65.0,0.0,1,2,17,8,6,6
50.0,0.0,0.0,0.0,50.0,0.0,2025,9,24,2,3,0,50.0,50.0,0.0,0,3,17,8,1,6
50.0,25.0,17.46,0.09,92.37,0.0,2022,6,24,4,2,0,92.46000000000001,92.28,0.0,0,3,11,8,1,6
50.0,0.0,0.0,0.0,50.0,0.0,2025,3,11,1,1,0,50.0,50.0,0.0,0,3,17,8,1,6
50.0,0.0,0.0,0.0,50.0,0.0,2025,3,6,3,1,0,50.0,50.0,0.0,0,1,17,8,1,6
50.0,0.0,0.0,0.0,50.0,0.0,2025,3,11,1,1,0,50.0,50.0,0.0,0,0,17,8,1,6
50.0,0.0,0.0,0.0,50.0,0.0,2025,3,6,3,1,0,50.0,50.0,0.0,0,0,17,11,1,6
50.0,0.0,0.0,0.0,50.0,0.0,2025,9,19,4,3,0,50.0,50.0,0.0,0,3,17,8,1,6
50.0,0.0,0.0,0.0,50.0,0.0,2025,3,6,3,1,0,50.0,50.0,0.0,0,4,17,8,1,6
65.0,0.0,0.0,0.0,65.0,0.0,2025,10,21,1,4,0,65.0,65.0,0.0,1,1,17,8,0,6
50.0,0.0,0.0,0.0,50.0,0.0,2025,9,19,4,3,0,50.0,50.0,0.0,0,3,17,8,1,6
65.0,0.0,0.0,0.0,65.0,0.0,2025,10,6,0,4,0,65.0,65.0,0.0,1,2,5,8,0,6
65.0,0.0,0.0,0.0,65.0,0.0,2025,4,15,1,2,0,65.0,65.0,0.0,1,2,17,8,6,6
50.0,0.0,0.0,0.0,50.0,0.0,2025,9,24,2,3,0,50.0,50.0,0.0,0,1,17,8,1,6
50.0,0.0,0.0,0.0,50.0,0.0,2025,3,23,6,1,1,50.0,50.0,0.0,0,0,17,8,1,6
65.0,0.0,0.0,0.0,65.0,0.0,2025,3,27,3,1,0,65.0,65.0,0.0,1,2,17,8,6,6
50.0,25.0,17.37,0.04,92.33,0.0,2022,6,15,2,2,0,92.37,92.28999999999999,0.0,0,1,17,8,1,6
50.0,25.0,17.33,0.13,92.2,0.0,2022,6,22,2,2,0,92.33,92.07000000000001,0.0,0,0,17,8,1,6
60.0,60.0,16.71,0.01,136.7,0.0,2023,5,7,6,2,1,136.71,136.69,0.0,1,0,19,8,6,6
65.0,60.0,17.63,0.28,142.35,0.0,2023,5,1,0,2,0,142.63,142.07,0.0,1,0,17,8,6,6
65.0,0.0,0.0,0.0,65.0,0.0,2025,4,3,3,2,0,65.0,65.0,0.0,1,2,17,8,6,6
50.0,0.0,0.0,0.0,50.0,0.0,2025,3,6,3,1,0,50.0,50.0,0.0,0,2,17,1,1,6
50.0,0.0,0.0,0.0,50.0,0.0,2025,9,24,2,3,0,50.0,50.0,0.0,0,1,17,1,1,6
50.0,0.0,0.0,0.0,50.0,0.0,2025,9,24,2,3,0,50.0,50.0,0.0,0,3,17,1,1,6
50.0,0.0,0.0,0.0,50.0,0.0,2025,11,18,1,4,0,50.0,50.0,0.0,0,2,16,8,1,6
50.0,0.0,0.0,0.0,50.0,0.0,2025,3,11,1,1,0,50.0,50.0,0.0,0,1,19,8,1,6
50.0,0.0,0.0,0.0,50.0,0.0,2024,11,13,2,4,0,50.0,50.0,0.0,0,5,17,6,7,6
50.0,0.0,0.0,0.0,50.0,0.0,2024,11,13,2,4,0,50.0,50.0,0.0,0,3,17,8,7,6
50.0,0.0,0.0,0.0,50.0,0.0,2024,11,14,3,4,0,50.0,50.0,0.0,0,5,17,8,7,6
50.0,0.0,0.0,0.0,50.0,0.0,2024,11,14,3,4,0,50.0,50.0,0.0,0,5,17,6,7,6
50.0,0.0,0.0,0.0,50.0,0.0,2025,9,24,2,3,0,50.0,50.0,0.0,0,3,17,8,1,6
50.0,25.0,2.51,27.51,50.0,0.0,2024,12,6,4,4,0,77.51,22.49,0.0,0,3,17,8,1,0
50.0,0.0,0.0,0.0,50.0,0.0,2025,9,24,2,3,0,50.0,50.0,0.0,0,3,17,8,1,6
50.0,25.0,2.55,0.0,77.55,0.0,2024,11,17,6,4,1,77.55,77.55,0.0,0,3,19,8,1,6
50.0,25.0,2.57,0.06,77.51,0.0,2024,11,17,6,4,1,77.57,77.45,0.0,0,0,17,8,1,6
50.0,25.0,1.41,0.07,76.34,0.0,2025,1,1,2,1,0,76.41,76.27000000000001,0.0,0,3,17,8,1,6
60.0,0.0,0.0,0.0,60.0,0.0,2025,4,18,4,2,0,60.0,60.0,0.0,1,2,17,8,6,6
50.0,25.0,1.3,0.09,76.21,0.0,2025,1,14,1,1,0,76.3,76.11999999999999,0.0,0,4,17,8,1,6
50.0,0.0,0.0,0.0,50.0,0.0,2025,3,21,4,1,0,50.0,50.0,0.0,0,3,17,8,1,6
50.0,0.0,0.0,0.0,50.0,0.0,2025,3,22,5,1,1,50.0,50.0,0.0,0,3,17,8,1,6
50.0,0.0,0.0,0.0,50.0,0.0,2025,3,11,1,1,0,50.0,50.0,0.0,0,0,17,8,1,6
50.0,0.0,0.0,0.0,50.0,0.0,2025,3,11,1,1,0,50.0,50.0,0.0,0,0,17,8,1,6
65.0,0.0,0.0,0.0,65.0,0.0,2025,4,15,1,2,0,65.0,65.0,0.0,1,0,17,8,0,6
65.0,0.0,0.0,0.0,65.0,0.0,2025,4,15,1,2,0,65.0,65.0,0.0,1,1,17,8,0,6
65.0,0.0,0.0,0.0,65.0,0.0,2024,7,11,3,3,0,65.0,65.0,0.0,1,2,17,3,6,6
50.0,0.0,0.0,0.0,50.0,0.0,2025,3,6,3,1,0,50.0,50.0,0.0,0,3,16,8,1,6
50.0,0.0,0.0,0.0,50.0,0.0,2024,11,14,3,4,0,50.0,50.0,0.0,0,5,17,8,7,6
50.0,0.0,0.0,0.0,50.0,0.0,2024,11,14,3,4,0,50.0,50.0,0.0,0,5,17,10,7,3
50.0,25.0,0.0,25.0,50.0,0.0,2025,9,23,1,3,0,75.0,25.0,0.0,0,3,17,8,1,6
50.0,0.0,0.0,0.0,50.0,0.0,2025,9,19,4,3,0,50.0,50.0,0.0,0,0,17,8,1,6
50.0,0.0,0.0,0.0,50.0,0.0,2025,9,24,2,3,0,50.0,50.0,0.0,0,0,17,5,1,6
50.0,0.0,0.0,0.0,50.0,0.0,2025,9,24,2,3,0,50.0,50.0,0.0,0,0,17,8,1,6
50.0,0.0,0.0,0.0,50.0,0.0,2025,3,11,1,1,0,50.0,50.0,0.0,0,3,5,8,1,6
65.0,0.0,0.0,0.0,65.0,0.0,2025,4,11,4,2,0,65.0,65.0,0.0,1,1,16,8,0,6
35.0,0.0,0.0,0.0,35.0,0.0,2025,1,16,3,1,0,35.0,35.0,0.0,0,3,10,8,6,6
65.0,0.0,0.0,0.0,65.0,0.0,2025,4,15,1,2,0,65.0,65.0,0.0,1,1,17,8,0,6
50.0,0.0,0.0,0.0,50.0,0.0,2025,3,6,3,1,0,50.0,50.0,0.0,0,1,17,8,1,6
50.0,0.0,0.0,0.0,50.0,0.0,2025,3,6,3,1,0,50.0,50.0,0.0,0,3,17,8,1,6
65.0,0.0,0.0,15.0,50.0,0.0,2024,7,10,2,3,0,65.0,35.0,0.0,1,2,17,1,6,4
50.0,0.0,0.0,0.0,50.0,0.0,2024,11,14,3,4,0,50.0,50.0,0.0,0,5,17,6,7,6
115.0,0.0,0.0,25.0,90.0,0.0,2024,7,11,3,3,0,115.0,65.0,0.0,1,2,17,1,6,4
50.0,0.0,0.0,0.0,50.0,0.0,2024,11,14,3,4,0,50.0,50.0,0.0,0,5,17,8,7,6
50.0,0.0,0.0,0.0,50.0,0.0,2024,11,14,3,4,0,50.0,50.0,0.0,0,5,17,8,7,6
50.0,25.0,0.0,0.0,75.0,0.0,2025,2,23,6,1,1,75.0,75.0,0.0,0,0,17,8,1,6
50.0,25.0,0.0,0.0,75.0,0.0,2025,3,6,3,1,0,75.0,75.0,0.0,0,0,19,8,1,6
50.0,0.0,0.0,0.0,50.0,0.0,2025,3,11,1,1,0,50.0,50.0,0.0,0,3,17,8,1,6
50.0,0.0,0.0,0.0,50.0,0.0,2025,3,11,1,1,0,50.0,50.0,0.0,0,3,17,8,1,6
50.0,0.0,0.0,0.0,50.0,0.0,2025,3,11,1,1,0,50.0,50.0,0.0,0,1,17,8,1,6
65.0,0.0,0.0,0.0,65.0,0.0,2025,4,11,4,2,0,65.0,65.0,0.0,1,1,17,8,0,6
65.0,0.0,0.0,0.0,65.0,0.0,2025,4,11,4,2,0,65.0,65.0,0.0,1,1,17,8,0,6
50.0,0.0,0.0,0.0,50.0,0.0,2025,3,6,3,1,0,50.0,50.0,0.0,0,3,16,8,1,6
50.0,0.0,0.0,0.0,50.0,0.0,2024,12,29,6,4,1,50.0,50.0,0.0,0,4,17,8,1,6
50.0,0.0,0.0,0.0,50.0,0.0,2025,3,6,3,1,0,50.0,50.0,0.0,0,4,17,8,1,6
50.0,0.0,0.0,0.0,50.0,0.0,2025,3,6,3,1,0,50.0,50.0,0.0,0,3,17,8,1,6
50.0,0.0,0.0,0.0,50.0,0.0,2025,3,6,3,1,0,50.0,50.0,0.0,0,3,17,8,1,6
50.0,0.0,0.0,0.0,50.0,0.0,2024,11,14,3,4,0,50.0,50.0,0.0,0,2,17,6,7,6
50.0,0.0,0.0,0.0,50.0,0.0,2024,11,14,3,4,0,50.0,50.0,0.0,0,5,17,8,7,6
50.0,0.0,0.0,0.0,50.0,0.0,2024,11,14,3,4,0,50.0,50.0,0.0,0,5,17,8,7,6
59.94399185336049,4.760692464358452,1.0263034623217924,1.8407230142566193,63.7833401221996,0.10692464358452139,2022,7,9,5,3,1,65.73098778004073,61.94261710794298,0.0016267006962124057,1,5,11,8,8,6
50.0,25.0,0.0,0.0,75.0,0.0,2025,2,23,6,1,1,75.0,75.0,0.0,0,0,17,8,1,6
50.0,0.0,0.0,0.0,50.0,0.0,2025,11,18,1,4,0,50.0,50.0,0.0,0,2,17,8,1,6
50.0,0.0,0.0,0.0,50.0,0.0,2025,9,24,2,3,0,50.0,50.0,0.0,0,1,17,8,1,6
50.0,25.0,0.0,25.0,50.0,0.0,2025,9,23,1,3,0,75.0,25.0,0.0,0,3,17,8,1,6
50.0,0.0,0.0,0.0,50.0,0.0,2025,3,11,1,1,0,50.0,50.0,0.0,0,3,17,8,1,6
50.0,0.0,0.0,0.0,50.0,0.0,2025,3,6,3,1,0,50.0,50.0,0.0,0,0,17,8,1,6
50.0,0.0,0.0,0.0,50.0,0.0,2024,12,29,6,4,1,50.0,50.0,0.0,0,0,17,8,1,6
50.0,0.0,0.0,0.0,50.0,0.0,2025,3,6,3,1,0,50.0,50.0,0.0,0,1,17,8,1,6
65.0,0.0,0.0,0.0,65.0,0.0,2025,4,11,4,2,0,65.0,65.0,0.0,1,1,17,8,0,6
65.0,0.0,0.0,0.0,65.0,0.0,2025,4,15,1,2,0,65.0,65.0,0.0,1,0,14,8,0,6
59.94399185336049,4.760692464358452,1.0263034623217924,1.8407230142566193,63.7833401221996,0.10692464358452139,2022,7,14,3,3,0,65.73098778004073,61.94261710794298,0.0016267006962124057,1,5,16,8,8,6
115.0,60.0,18.129699999999982,0.09,201.25599999999994,0.0,2021,7,14,2,3,0,193.12969999999999,201.16599999999994,0.0,1,1,16,8,6,6
50.0,0.0,0.0,0.0,50.0,0.0,2024,11,14,3,4,0,50.0,50.0,0.0,0,5,17,8,7,6
50.0,0.0,0.0,0.0,50.0,0.0,2024,11,14,3,4,0,50.0,50.0,0.0,0,5,17,8,7,3
50.0,0.0,0.0,0.0,50.0,0.0,2024,11,14,3,4,0,50.0,50.0,0.0,0,5,17,8,7,6
50.0,0.0,0.0,50.0,0.0,0.0,2025,9,23,1,3,0,50.0,-50.0,0.0,0,0,17,8,1,6
50.0,25.0,0.0,25.0,50.0,0.0,2025,9,23,1,3,0,75.0,25.0,0.0,0,0,17,8,1,6
50.0,0.0,0.0,0.0,50.0,0.0,2025,9,19,4,3,0,50.0,50.0,0.0,0,1,17,8,1,6
115.0,0.0,0.0,0.0,115.0,0.0,2025,4,18,4,2,0,115.0,115.0,0.0,1,2,17,8,6,6
65.0,0.0,0.0,0.0,65.0,0.0,2025,4,3,3,2,0,65.0,65.0,0.0,1,2,17,8,6,6
115.0,0.0,0.0,0.0,115.0,0.0,2025,4,3,3,2,0,115.0,115.0,0.0,1,2,16,8,6,6
50.0,0.0,0.0,0.0,50.0,0.0,2025,3,11,1,1,0,50.0,50.0,0.0,0,0,17,1,1,6
50.0,0.0,0.0,0.0,50.0,0.0,2025,3,11,1,1,0,50.0,50.0,0.0,0,1,17,8,1,6
65.0,0.0,0.0,0.0,65.0,0.0,2025,4,10,3,2,0,65.0,65.0,0.0,1,1,17,8,0,6
50.0,0.0,0.0,0.0,50.0,0.0,2024,11,14,3,4,0,50.0,50.0,0.0,0,5,24,8,7,6
50.0,0.0,0.0,0.0,50.0,0.0,2024,11,14,3,4,0,50.0,50.0,0.0,0,5,17,8,7,6
50.0,0.0,0.0,0.0,50.0,0.0,2024,11,14,3,4,0,50.0,50.0,0.0,0,5,17,1,7,6
150.0,0.0,0.0,0.0,201.25599999999994,0.0,2025,11,4,1,4,0,150.0,201.25599999999994,0.0,1,2,17,8,7,6
50.0,0.0,0.0,0.0,50.0,0.0,2025,9,24,2,3,0,50.0,50.0,0.0,0,1,17,8,1,6
50.0,0.0,0.0,0.0,50.0,0.0,2025,9,24,2,3,0,50.0,50.0,0.0,0,1,17,1,1,4
60.0,0.0,0.0,0.0,60.0,0.0,2025,4,18,4,2,0,60.0,60.0,0.0,1,2,17,8,6,6
50.0,25.0,0.0,0.0,75.0,0.0,2025,9,23,1,3,0,75.0,75.0,0.0,0,3,17,8,1,6
50.0,0.0,0.0,0.0,50.0,0.0,2025,3,23,6,1,1,50.0,50.0,0.0,0,3,17,8,1,6
65.0,0.0,0.0,0.0,65.0,0.0,2025,4,4,4,2,0,65.0,65.0,0.0,1,2,17,8,6,6
65.0,0.0,0.0,0.0,65.0,0.0,2025,4,4,4,2,0,65.0,65.0,0.0,1,2,17,8,6,6
50.0,0.0,0.0,0.0,50.0,0.0,2025,3,11,1,1,0,50.0,50.0,0.0,0,1,16,8,1,6
50.0,0.0,0.0,0.0,50.0,0.0,2025,3,11,1,1,0,50.0,50.0,0.0,0,3,17,8,1,6
50.0,0.0,0.0,0.0,50.0,0.0,2025,3,6,3,1,0,50.0,50.0,0.0,0,3,17,8,1,6
50.0,0.0,0.0,0.0,50.0,0.0,2025,3,11,1,1,0,50.0,50.0,0.0,0,2,17,6,1,6
50.0,0.0,0.0,0.0,50.0,0.0,2025,3,11,1,1,0,50.0,50.0,0.0,0,0,5,8,1,3
65.0,0.0,0.0,0.0,65.0,0.0,2025,4,10,3,2,0,65.0,65.0,0.0,1,1,17,8,0,6
65.0,0.0,0.0,0.0,65.0,0.0,2025,4,7,0,2,0,65.0,65.0,0.0,1,0,17,8,0,6
65.0,0.0,0.0,0.0,65.0,0.0,2025,4,8,1,2,0,65.0,65.0,0.0,1,0,17,8,0,6
150.0,0.0,0.0,0.0,201.25599999999994,0.0,2025,11,4,1,4,0,150.0,201.25599999999994,0.0,1,2,17,8,7,6
50.0,0.0,0.0,0.0,50.0,0.0,2025,3,6,3,1,0,50.0,50.0,0.0,0,3,17,8,1,6
50.0,25.0,0.0,0.0,75.0,0.0,2025,9,23,1,3,0,75.0,75.0,0.0,0,3,17,8,1,6
50.0,0.0,0.0,0.0,50.0,0.0,2025,9,19,4,3,0,50.0,50.0,0.0,0,3,17,8,1,6
50.0,0.0,0.0,0.0,50.0,0.0,2025,3,6,3,1,0,50.0,50.0,0.0,0,3,17,8,1,6
50.0,0.0,0.0,0.0,50.0,0.0,2025,9,24,2,3,0,50.0,50.0,0.0,0,3,17,8,1,6
50.0,25.0,2.33,0.03,77.3,0.0,2024,11,17,6,4,1,77.33,77.27,0.0,0,0,17,8,1,6
50.0,25.0,1.34,0.26,76.08,0.0,2025,1,1,2,1,0,76.34,75.82,0.0,0,3,17,8,1,6
50.0,25.0,1.08,0.13,75.95,0.0,2025,1,1,2,1,0,76.08,75.82000000000001,0.0,0,0,17,8,1,6
115.0,0.0,0.0,0.0,115.0,0.0,2025,4,22,1,2,0,115.0,115.0,0.0,1,2,17,8,6,6
50.0,0.0,0.0,0.0,50.0,0.0,2025,11,18,1,4,0,50.0,50.0,0.0,0,0,17,6,1,6
65.0,0.0,0.0,0.0,65.0,0.0,2025,4,11,4,2,0,65.0,65.0,0.0,1,0,17,8,0,6
50.0,0.0,0.0,0.0,50.0,0.0,2024,11,14,3,4,0,50.0,50.0,0.0,0,5,17,8,7,6
50.0,0.0,0.0,0.0,50.0,0.0,2024,11,14,3,4,0,50.0,50.0,0.0,0,5,17,8,7,6
65.0,0.0,0.0,0.0,65.0,0.0,2025,4,11,4,2,0,65.0,65.0,0.0,1,1,17,8,0,6
50.0,0.0,0.0,0.0,50.0,0.0,2025,3,23,6,1,1,50.0,50.0,0.0,0,3,17,8,1,6
50.0,0.0,0.0,0.0,50.0,0.0,2025,3,6,3,1,0,50.0,50.0,0.0,0,2,16,8,1,6
50.0,0.0,0.0,0.0,50.0,0.0,2025,3,6,3,1,0,50.0,50.0,0.0,0,0,17,8,1,6
50.0,0.0,0.0,0.0,50.0,0.0,2025,3,6,3,1,0,50.0,50.0,0.0,0,0,17,8,1,6
50.0,0.0,0.0,0.0,50.0,0.0,2025,3,6,3,1,0,50.0,50.0,0.0,0,1,17,8,1,6
50.0,0.0,0.0,0.0,50.0,0.0,2025,9,24,2,3,0,50.0,50.0,0.0,0,3,17,8,1,6
50.0,25.0,0.0,0.0,75.0,0.0,2025,2,23,6,1,1,75.0,75.0,0.0,0,3,17,8,1,6
50.0,0.0,0.0,0.0,50.0,0.0,2025,3,23,6,1,1,50.0,50.0,0.0,0,0,17,8,1,6
50.0,0.0,0.0,0.0,50.0,0.0,2024,11,14,3,4,0,50.0,50.0,0.0,0,3,6,8,7,6
50.0,0.0,0.0,0.0,50.0,0.0,2025,3,23,6,1,1,50.0,50.0,0.0,0,3,24,8,1,6
50.0,0.0,0.0,0.0,50.0,0.0,2025,9,24,2,3,0,50.0,50.0,0.0,0,3,17,11,1,6
50.0,0.0,0.0,0.0,50.0,0.0,2025,3,11,1,1,0,50.0,50.0,0.0,0,3,17,11,1,6
50.0,0.0,0.0,0.0,50.0,0.0,2025,3,11,1,1,0,50.0,50.0,0.0,0,3,17,8,1,6
65.0,0.0,0.0,0.0,65.0,0.0,2025,4,12,5,2,1,65.0,65.0,0.0,1,1,16,8,0,6
65.0,0.0,0.0,0.0,65.0,0.0,2025,4,15,1,2,0,65.0,65.0,0.0,1,1,6,8,0,6
65.0,0.0,0.0,0.0,65.0,0.0,2025,4,15,1,2,0,65.0,65.0,0.0,1,1,16,8,0,6
50.0,0.0,0.0,0.0,50.0,0.0,2025,3,6,3,1,0,50.0,50.0,0.0,0,3,17,6,1,6
50.0,0.0,0.0,0.0,50.0,0.0,2025,9,24,2,3,0,50.0,50.0,0.0,0,3,17,8,1,6
50.0,0.0,0.0,0.0,50.0,0.0,2025,9,24,2,3,0,50.0,50.0,0.0,0,3,17,8,1,6
50.0,0.0,0.0,0.0,50.0,0.0,2025,9,24,2,3,0,50.0,50.0,0.0,0,1,17,8,1,6
50.0,0.0,0.0,0.0,50.0,0.0,2024,11,14,3,4,0,50.0,50.0,0.0,0,4,17,8,7,6
50.0,0.0,0.0,0.0,50.0,0.0,2024,11,14,3,4,0,50.0,50.0,0.0,0,5,17,8,7,6
50.0,0.0,0.0,0.0,50.0,0.0,2024,11,14,3,4,0,50.0,50.0,0.0,0,5,17,8,7,6
115.0,0.0,0.0,0.0,115.0,0.0,2025,4,22,1,2,0,115.0,115.0,0.0,1,2,17,8,6,6
50.0,25.0,0.0,25.0,50.0,0.0,2025,3,6,3,1,0,75.0,25.0,0.0,0,0,17,8,1,0
50.0,0.0,0.0,0.0,50.0,0.0,2025,11,19,2,4,0,50.0,50.0,0.0,0,3,17,6,1,6
50.0,0.0,0.0,0.0,50.0,0.0,2025,3,11,1,1,0,50.0,50.0,0.0,0,0,17,8,1,6
65.0,0.0,0.0,0.0,65.0,0.0,2025,4,10,3,2,0,65.0,65.0,0.0,1,1,5,8,0,6
50.0,0.0,0.0,0.0,50.0,0.0,2025,3,6,3,1,0,50.0,50.0,0.0,0,3,17,8,1,6
50.0,25.0,15.58,0.06,90.52,0.0,2023,5,8,0,2,0,90.58,90.46,0.0,0,1,10,8,1,6
50.0,0.0,0.0,0.0,50.0,0.0,2025,9,19,4,3,0,50.0,50.0,0.0,0,3,17,7,1,6
65.0,0.0,0.0,0.0,65.0,0.0,2025,4,4,4,2,0,65.0,65.0,0.0,1,2,24,8,6,6
50.0,0.0,0.0,0.0,50.0,0.0,2025,3,11,1,1,0,50.0,50.0,0.0,0,1,17,8,1,6
50.0,0.0,0.0,0.0,50.0,0.0,2025,3,11,1,1,0,50.0,50.0,0.0,0,3,17,11,1,6
50.0,0.0,0.0,0.0,50.0,0.0,2025,3,6,3,1,0,50.0,50.0,0.0,0,4,17,8,1,6
50.0,0.0,0.0,0.0,50.0,0.0,2025,3,11,1,1,0,50.0,50.0,0.0,0,0,17,8,1,6
65.0,0.0,0.0,0.0,65.0,0.0,2025,4,16,2,2,0,65.0,65.0,0.0,1,0,17,8,0,6
65.0,0.0,0.0,0.0,65.0,0.0,2025,4,11,4,2,0,65.0,65.0,0.0,1,1,17,8,0,6
95.0,0.0,0.0,0.0,95.0,0.0,2025,1,16,3,1,0,95.0,95.0,0.0,1,3,17,5,6,6
50.0,0.0,0.0,0.0,50.0,0.0,2025,3,6,3,1,0,50.0,50.0,0.0,0,1,17,8,1,6
50.0,0.0,0.0,0.0,50.0,0.0,2025,3,6,3,1,0,50.0,50.0,0.0,0,1,6,8,1,6
50.0,0.0,0.0,0.0,50.0,0.0,2025,3,6,3,1,0,50.0,50.0,0.0,0,3,17,8,1,6
50.0,0.0,0.0,0.0,50.0,0.0,2025,3,6,3,1,0,50.0,50.0,0.0,0,4,17,8,1,6
150.0,0.0,0.0,0.0,201.25599999999994,0.0,2025,11,4,1,4,0,150.0,201.25599999999994,0.0,1,2,17,5,7,6
65.0,0.0,0.0,0.0,65.0,0.0,2025,4,15,1,2,0,65.0,65.0,0.0,1,1,17,8,0,6
65.0,0.0,0.0,0.0,65.0,0.0,2025,4,26,5,2,1,65.0,65.0,0.0,1,2,10,8,6,6
65.0,0.0,0.0,0.0,65.0,0.0,2025,4,11,4,2,0,65.0,65.0,0.0,1,1,17,8,0,6
100.0,0.0,0.0,0.0,100.0,0.0,2024,11,14,3,4,0,100.0,100.0,0.0,1,5,17,8,7,6
150.0,0.0,0.0,0.0,150.0,0.0,2024,11,14,3,4,0,150.0,150.0,0.0,1,5,16,8,7,6
50.0,0.0,0.0,0.0,50.0,0.0,2024,11,14,3,4,0,50.0,50.0,0.0,0,3,17,8,7,6
115.0,0.0,0.0,0.0,115.0,0.0,2025,4,29,1,2,0,115.0,115.0,0.0,1,2,16,8,6,6
50.0,0.0,0.0,0.0,50.0,0.0,2024,11,14,3,4,0,50.0,50.0,0.0,0,3,17,6,7,6
50.0,0.0,0.0,0.0,50.0,0.0,2025,3,23,6,1,1,50.0,50.0,0.0,0,1,17,6,1,6
50.0,0.0,0.0,0.0,50.0,0.0,2025,3,6,3,1,0,50.0,50.0,0.0,0,3,17,8,1,6
50.0,25.0,0.0,0.0,75.0,0.0,2025,9,19,4,3,0,75.0,75.0,0.0,0,0,17,8,1,6
115.0,60.0,18.129699999999982,0.0,201.25599999999994,0.0,2018,12,14,4,4,0,193.12969999999999,201.25599999999994,0.0,1,2,16,8,6,6
50.0,0.0,0.0,0.0,50.0,0.0,2024,11,14,3,4,0,50.0,50.0,0.0,0,5,17,8,7,6
50.0,0.0,0.0,0.0,50.0,0.0,2025,11,19,2,4,0,50.0,50.0,0.0,0,2,16,8,1,6
50.0,0.0,0.0,0.0,50.0,0.0,2024,11,14,3,4,0,50.0,50.0,0.0,0,5,17,8,7,6
65.0,0.0,0.0,0.0,65.0,0.0,2025,4,7,0,2,0,65.0,65.0,0.0,1,2,17,8,6,6
50.0,0.0,0.0,0.0,50.0,0.0,2025,9,24,2,3,0,50.0,50.0,0.0,0,1,17,8,1,6
50.0,0.0,0.0,0.0,50.0,0.0,2025,3,11,1,1,0,50.0,50.0,0.0,0,1,17,8,1,6
50.0,0.0,0.0,0.0,50.0,0.0,2024,12,29,6,4,1,50.0,50.0,0.0,0,1,17,8,1,6
65.0,0.0,0.0,0.0,65.0,0.0,2025,4,16,2,2,0,65.0,65.0,0.0,1,1,17,8,0,6
65.0,0.0,0.0,0.0,65.0,0.0,2025,4,8,1,2,0,65.0,65.0,0.0,1,0,17,8,0,6
115.0,0.0,0.0,0.0,115.0,0.0,2025,4,16,2,2,0,115.0,115.0,0.0,1,2,17,8,3,6
65.0,30.0,0.0,0.0,95.0,0.0,2025,3,6,3,1,0,95.0,95.0,0.0,1,2,17,3,3,6
50.0,25.0,0.0,0.0,75.0,0.0,2025,9,23,1,3,0,75.0,75.0,0.0,0,3,17,8,1,6
115.0,0.0,0.0,0.0,115.0,0.0,2022,8,8,0,3,0,115.0,115.0,0.0,1,2,17,1,6,3
59.94399185336049,4.760692464358452,1.0263034623217924,1.8407230142566193,63.7833401221996,0.10692464358452139,2023,5,26,4,2,0,65.73098778004073,61.94261710794298,0.0016267006962124057,1,5,0,1,8,6
65.0,0.0,0.0,0.0,65.0,0.0,2025,4,7,0,2,0,65.0,65.0,0.0,1,2,17,8,6,6
50.0,0.0,0.0,0.0,50.0,0.0,2025,9,19,4,3,0,50.0,50.0,0.0,0,3,17,6,1,6
50.0,0.0,0.0,0.0,50.0,0.0,2025,9,19,4,3,0,50.0,50.0,0.0,0,3,17,8,1,6
50.0,0.0,0.0,0.0,50.0,0.0,2025,3,11,1,1,0,50.0,50.0,0.0,0,0,17,8,1,6
50.0,0.0,0.0,0.0,50.0,0.0,2025,3,11,1,1,0,50.0,50.0,0.0,0,4,17,8,1,6
50.0,0.0,0.0,0.0,50.0,0.0,2025,3,11,1,1,0,50.0,50.0,0.0,0,0,17,8,1,6
65.0,0.0,0.0,0.0,65.0,0.0,2025,4,9,2,2,0,65.0,65.0,0.0,1,0,17,8,0,6
50.0,0.0,0.0,0.0,50.0,0.0,2025,3,6,3,1,0,50.0,50.0,0.0,0,0,17,8,1,6
65.0,0.0,0.0,0.0,65.0,0.0,2025,4,15,1,2,0,65.0,65.0,0.0,1,3,17,8,0,6
65.0,0.0,0.0,0.0,65.0,0.0,2025,4,10,3,2,0,65.0,65.0,0.0,1,1,24,8,0,6
50.0,0.0,0.0,0.0,50.0,0.0,2025,11,19,2,4,0,50.0,50.0,0.0,0,1,17,8,1,6
50.0,0.0,0.0,0.0,50.0,0.0,2025,3,6,3,1,0,50.0,50.0,0.0,0,3,19,8,1,6
50.0,25.0,0.0,0.0,75.0,0.0,2025,9,23,1,3,0,75.0,75.0,0.0,0,4,17,8,1,6
50.0,0.0,0.0,0.0,50.0,0.0,2024,11,14,3,4,0,50.0,50.0,0.0,0,5,16,8,7,6
50.0,0.0,0.0,0.0,50.0,0.0,2025,9,19,4,3,0,50.0,50.0,0.0,0,4,17,8,1,6
50.0,0.0,0.0,0.0,50.0,0.0,2025,9,19,4,3,0,50.0,50.0,0.0,0,3,17,8,1,6
115.0,0.0,0.0,0.0,115.0,0.0,2025,4,29,1,2,0,115.0,115.0,0.0,1,2,17,8,6,6
50.0,0.0,0.0,0.0,50.0,0.0,2025,9,24,2,3,0,50.0,50.0,0.0,0,3,17,8,1,6
50.0,0.0,0.0,0.0,50.0,0.0,2025,3,23,6,1,1,50.0,50.0,0.0,0,0,17,8,1,6
65.0,60.0,14.11,0.0,139.11,0.0,2023,4,15,5,2,1,139.11,139.11,0.0,1,1,17,8,6,6
50.0,0.0,0.0,0.0,50.0,0.0,2025,3,11,1,1,0,50.0,50.0,0.0,0,3,17,8,1,6
50.0,0.0,0.0,0.0,50.0,0.0,2025,3,11,1,1,0,50.0,50.0,0.0,0,3,17,8,1,6
115.0,0.0,0.0,0.0,115.0,0.0,2025,4,10,3,2,0,115.0,115.0,0.0,1,1,17,8,0,6
50.0,0.0,0.0,0.0,50.0,0.0,2025,9,19,4,3,0,50.0,50.0,0.0,0,1,17,8,1,6
50.0,0.0,0.0,0.0,50.0,0.0,2024,11,14,3,4,0,50.0,50.0,0.0,0,3,17,8,7,6
50.0,0.0,0.0,50.0,0.0,0.0,2024,11,14,3,4,0,50.0,-50.0,0.0,0,5,16,8,7,5
50.0,0.0,0.0,0.0,50.0,0.0,2025,9,19,4,3,0,50.0,50.0,0.0,0,3,17,8,1,6
50.0,0.0,0.0,0.0,50.0,0.0,2025,9,24,2,3,0,50.0,50.0,0.0,0,1,17,8,1,6
115.0,0.0,0.0,0.0,115.0,0.0,2025,4,29,1,2,0,115.0,115.0,0.0,1,2,17,8,6,6
50.0,0.0,0.0,0.0,50.0,0.0,2025,3,23,6,1,1,50.0,50.0,0.0,0,1,19,8,1,6
50.0,0.0,0.0,0.0,50.0,0.0,2025,3,23,6,1,1,50.0,50.0,0.0,0,2,17,8,1,6
95.0,10.0,0.0,10.0,95.0,0.0,2025,3,26,2,1,0,105.0,85.0,0.0,1,2,17,8,6,6
50.0,0.0,0.0,0.0,50.0,0.0,2025,3,11,1,1,0,50.0,50.0,0.0,0,4,17,8,1,6
50.0,0.0,0.0,0.0,50.0,0.0,2025,3,11,1,1,0,50.0,50.0,0.0,0,3,17,8,1,6
115.0,0.0,0.0,0.0,115.0,0.0,2025,4,18,4,2,0,115.0,115.0,0.0,1,2,15,8,3,6
115.0,0.0,0.0,0.0,115.0,0.0,2025,4,17,3,2,0,115.0,115.0,0.0,1,2,17,8,3,6
50.0,0.0,0.0,0.0,50.0,0.0,2024,11,14,3,4,0,50.0,50.0,0.0,0,3,17,8,7,6
115.0,0.0,0.0,0.0,115.0,0.0,2025,5,1,3,2,0,115.0,115.0,0.0,1,2,16,8,6,6
65.0,0.0,0.0,0.0,65.0,0.0,2025,5,3,5,2,1,65.0,65.0,0.0,1,2,17,8,6,6
50.0,0.0,0.0,0.0,50.0,0.0,2025,3,23,6,1,1,50.0,50.0,0.0,0,1,17,8,1,6
50.0,0.0,0.0,0.0,50.0,0.0,2025,3,11,1,1,0,50.0,50.0,0.0,0,3,17,8,1,6
150.0,0.0,0.0,0.0,201.25599999999994,0.0,2025,1,15,2,1,0,150.0,201.25599999999994,0.0,1,1,17,8,7,6
65.0,0.0,0.0,0.0,65.0,0.0,2025,4,12,5,2,1,65.0,65.0,0.0,1,1,17,8,0,6
50.0,0.0,0.0,0.0,50.0,0.0,2025,3,6,3,1,0,50.0,50.0,0.0,0,1,17,8,1,6
50.0,0.0,0.0,0.0,50.0,0.0,2025,3,23,6,1,1,50.0,50.0,0.0,0,1,17,8,1,6
50.0,0.0,0.0,0.0,50.0,0.0,2025,3,23,6,1,1,50.0,50.0,0.0,0,3,17,8,1,6
50.0,0.0,0.0,0.0,50.0,0.0,2025,11,4,1,4,0,50.0,50.0,0.0,0,2,17,8,7,6
50.0,25.0,5.48,0.03,80.45,0.0,2024,8,27,1,3,0,80.48,80.42,0.0,0,1,17,8,1,6
100.0,0.0,0.0,0.0,100.0,0.0,2025,11,19,2,4,0,100.0,100.0,0.0,1,3,17,8,1,6
50.0,0.0,0.0,0.0,50.0,0.0,2024,11,14,3,4,0,50.0,50.0,0.0,0,5,17,8,7,6
50.0,0.0,0.0,0.0,50.0,0.0,2024,11,14,3,4,0,50.0,50.0,0.0,0,1,17,8,7,6
50.0,0.0,0.0,0.0,50.0,0.0,2024,11,14,3,4,0,50.0,50.0,0.0,0,5,17,8,7,6
50.0,0.0,0.0,0.0,50.0,0.0,2025,9,19,4,3,0,50.0,50.0,0.0,0,3,17,8,1,3
50.0,25.0,0.0,0.0,75.0,0.0,2025,9,23,1,3,0,75.0,75.0,0.0,0,3,17,8,1,6
50.0,0.0,0.0,0.0,50.0,0.0,2025,9,19,4,3,0,50.0,50.0,0.0,0,3,17,8,1,6
95.0,0.0,0.0,0.0,95.0,0.0,2025,3,28,4,1,0,95.0,95.0,0.0,1,2,17,1,6,6
50.0,0.0,0.0,0.0,50.0,0.0,2025,9,24,2,3,0,50.0,50.0,0.0,0,0,17,8,1,6
50.0,0.0,0.0,0.0,50.0,0.0,2025,9,24,2,3,0,50.0,50.0,0.0,0,1,17,8,1,6
50.0,0.0,0.0,0.0,50.0,0.0,2025,3,11,1,1,0,50.0,50.0,0.0,0,3,17,8,1,6
50.0,0.0,0.0,0.0,50.0,0.0,2025,3,11,1,1,0,50.0,50.0,0.0,0,0,17,8,1,6
65.0,0.0,0.0,0.0,65.0,0.0,2025,4,15,1,2,0,65.0,65.0,0.0,1,1,17,8,0,6
50.0,0.0,0.0,0.0,50.0,0.0,2025,3,6,3,1,0,50.0,50.0,0.0,0,3,17,6,1,6
50.0,0.0,0.0,0.0,50.0,0.0,2025,3,6,3,1,0,50.0,50.0,0.0,0,3,17,8,1,6
65.0,0.0,0.0,0.0,65.0,0.0,2025,4,15,1,2,0,65.0,65.0,0.0,1,1,17,8,0,6
65.0,0.0,0.0,0.0,65.0,0.0,2025,4,8,1,2,0,65.0,65.0,0.0,1,0,17,8,0,6
115.0,10.0,0.0,0.0,125.0,0.0,2025,3,15,5,1,1,125.0,125.0,0.0,1,2,15,8,3,6
50.0,0.0,0.0,0.0,50.0,0.0,2025,3,6,3,1,0,50.0,50.0,0.0,0,4,17,8,1,6
115.0,0.0,0.0,0.0,115.0,0.0,2025,4,14,0,2,0,115.0,115.0,0.0,1,2,17,8,3,6
115.0,30.0,0.0,0.0,145.0,0.0,2025,3,21,4,1,0,145.0,145.0,0.0,1,2,16,8,6,6
65.0,30.0,0.0,0.0,95.0,0.0,2025,3,21,4,1,0,95.0,95.0,0.0,1,2,16,8,6,6
50.0,0.0,0.0,0.0,50.0,0.0,2025,3,11,1,1,0,50.0,50.0,0.0,0,0,17,8,1,6
60.0,10.0,0.0,0.0,70.0,0.0,2025,4,5,5,2,1,70.0,70.0,0.0,1,0,14,8,6,6
50.0,0.0,0.0,0.0,50.0,0.0,2025,9,24,2,3,0,50.0,50.0,0.0,0,1,17,8,1,6
50.0,0.0,0.0,0.0,50.0,0.0,2025,9,24,2,3,0,50.0,50.0,0.0,0,2,17,8,1,6
50.0,0.0,0.0,0.0,50.0,0.0,2025,9,24,2,3,0,50.0,50.0,0.0,0,3,17,8,1,6
59.94399185336049,4.760692464358452,1.0263034623217924,1.8407230142566193,63.7833401221996,0.10692464358452139,2023,3,29,2,1,0,65.73098778004073,61.94261710794298,0.0016267006962124057,1,5,15,8,8,6
59.94399185336049,4.760692464358452,1.0263034623217924,1.8407230142566193,63.7833401221996,0.10692464358452139,2023,3,29,2,1,0,65.73098778004073,61.94261710794298,0.0016267006962124057,1,5,16,8,8,6
50.0,0.0,0.0,0.0,50.0,0.0,2025,3,11,1,1,0,50.0,50.0,0.0,0,1,17,8,1,6
50.0,0.0,0.0,0.0,50.0,0.0,2025,3,11,1,1,0,50.0,50.0,0.0,0,3,17,8,1,6
50.0,0.0,0.0,0.0,50.0,0.0,2025,3,6,3,1,0,50.0,50.0,0.0,0,4,17,8,1,6
65.0,0.0,0.0,0.0,65.0,0.0,2025,4,11,4,2,0,65.0,65.0,0.0,1,0,17,8,0,6
65.0,0.0,0.0,0.0,65.0,0.0,2025,4,10,3,2,0,65.0,65.0,0.0,1,0,21,8,0,6
50.0,0.0,0.0,0.0,50.0,0.0,2025,11,4,1,4,0,50.0,50.0,0.0,0,1,16,8,7,6
50.0,25.0,0.0,0.0,75.0,0.0,2025,9,23,1,3,0,75.0,75.0,0.0,0,2,17,8,1,6
59.94399185336049,4.760692464358452,1.0263034623217924,1.8407230142566193,63.7833401221996,0.10692464358452139,2023,3,29,2,1,0,65.73098778004073,61.94261710794298,0.0016267006962124057,1,5,19,8,8,6
50.0,0.0,0.0,0.0,50.0,0.0,2025,9,19,4,3,0,50.0,50.0,0.0,0,3,14,8,1,6
59.94399185336049,4.760692464358452,1.0263034623217924,1.8407230142566193,63.7833401221996,0.10692464358452139,2023,3,30,3,1,0,65.73098778004073,61.94261710794298,0.0016267006962124057,1,5,16,8,8,6
50.0,0.0,0.0,0.0,50.0,0.0,2025,3,6,3,1,0,50.0,50.0,0.0,0,1,17,8,1,6
50.0,0.0,0.0,0.0,50.0,0.0,2025,3,11,1,1,0,50.0,50.0,0.0,0,3,24,8,1,6
50.0,0.0,0.0,0.0,50.0,0.0,2025,3,11,1,1,0,50.0,50.0,0.0,0,3,17,8,1,6
65.0,0.0,0.0,0.0,65.0,0.0,2025,4,10,3,2,0,65.0,65.0,0.0,1,0,17,8,0,3
65.0,0.0,0.0,0.0,65.0,0.0,2025,4,12,5,2,1,65.0,65.0,0.0,1,0,17,8,0,6
50.0,0.0,0.0,0.0,50.0,0.0,2025,3,6,3,1,0,50.0,50.0,0.0,0,1,17,8,1,6
50.0,0.0,0.0,0.0,50.0,0.0,2025,3,6,3,1,0,50.0,50.0,0.0,0,1,16,8,1,3
50.0,0.0,0.0,0.0,50.0,0.0,2025,3,6,3,1,0,50.0,50.0,0.0,0,3,22,8,1,6
50.0,0.0,0.0,0.0,50.0,0.0,2025,3,6,3,1,0,50.0,50.0,0.0,0,3,17,8,1,6
150.0,0.0,0.0,0.0,150.0,0.0,2025,11,4,1,4,0,150.0,150.0,0.0,1,5,17,8,7,6
50.0,0.0,0.0,0.0,50.0,0.0,2024,11,14,3,4,0,50.0,50.0,0.0,0,1,17,8,7,3
50.0,0.0,0.0,0.0,50.0,0.0,2024,11,14,3,4,0,50.0,50.0,0.0,0,5,16,8,7,6
50.0,25.0,1.93,0.07,76.86,0.0,2025,2,21,4,1,0,76.93,76.79,0.0,0,3,6,8,1,6
65.0,10.0,0.0,0.0,75.0,0.0,2025,4,9,2,2,0,75.0,75.0,0.0,1,0,17,8,6,6
50.0,0.0,0.0,0.0,50.0,0.0,2025,3,6,3,1,0,50.0,50.0,0.0,0,1,17,8,1,6
65.0,60.0,9.65,0.17,134.48,0.0,2023,4,15,5,2,1,134.65,134.31,0.0,1,1,17,8,6,6
115.0,0.0,0.0,0.0,115.0,0.0,2025,1,16,3,1,0,115.0,115.0,0.0,1,3,17,8,6,6
50.0,0.0,0.0,0.0,50.0,0.0,2025,3,11,1,1,0,50.0,50.0,0.0,0,0,17,8,1,6
50.0,0.0,0.0,0.0,50.0,0.0,2025,3,11,1,1,0,50.0,50.0,0.0,0,4,17,6,1,6
65.0,0.0,0.0,0.0,65.0,0.0,2025,4,10,3,2,0,65.0,65.0,0.0,1,1,17,8,0,6
65.0,0.0,0.0,0.0,65.0,0.0,2025,4,11,4,2,0,65.0,65.0,0.0,1,1,17,8,0,6
115.0,10.0,0.0,0.0,125.0,0.0,2025,4,12,5,2,1,125.0,125.0,0.0,1,0,17,8,5,6
65.0,30.0,0.0,0.0,95.0,0.0,2025,3,22,5,1,1,95.0,95.0,0.0,1,2,19,8,6,6
50.0,25.0,0.0,0.0,75.0,0.0,2025,2,23,6,1,1,75.0,75.0,0.0,0,3,17,8,1,6
65.0,10.0,0.0,10.0,65.0,0.0,2025,4,9,2,2,0,75.0,55.0,0.0,1,0,19,8,6,6
115.0,10.0,0.0,0.0,125.0,0.0,2024,8,20,1,3,0,125.0,125.0,0.0,1,0,17,8,5,6
50.0,0.0,0.0,0.0,50.0,0.0,2025,3,23,6,1,1,50.0,50.0,0.0,0,1,17,8,1,6
50.0,0.0,0.0,0.0,50.0,0.0,2025,3,23,6,1,1,50.0,50.0,0.0,0,1,17,8,1,6
50.0,0.0,0.0,0.0,50.0,0.0,2025,3,11,1,1,0,50.0,50.0,0.0,0,0,17,8,1,6
35.0,0.0,0.0,0.0,35.0,0.0,2023,4,27,3,2,0,35.0,35.0,0.0,0,1,17,8,6,1
50.0,0.0,0.0,0.0,50.0,0.0,2025,3,11,1,1,0,50.0,50.0,0.0,0,3,17,8,1,6
50.0,0.0,0.0,0.0,50.0,0.0,2025,3,11,1,1,0,50.0,50.0,0.0,0,3,17,8,1,6
65.0,0.0,0.0,0.0,65.0,0.0,2025,4,8,1,2,0,65.0,65.0,0.0,1,1,17,8,0,6
65.0,0.0,0.0,0.0,65.0,0.0,2025,4,10,3,2,0,65.0,65.0,0.0,1,1,6,8,0,6
115.0,0.0,0.0,0.0,115.0,0.0,2025,4,26,5,2,1,115.0,115.0,0.0,1,0,17,8,5,6
50.0,0.0,0.0,0.0,50.0,0.0,2024,11,14,3,4,0,50.0,50.0,0.0,0,2,17,8,7,6
50.0,25.0,0.0,25.0,50.0,0.0,2025,9,23,1,3,0,75.0,25.0,0.0,0,3,17,8,1,6
50.0,25.0,0.0,0.0,75.0,0.0,2025,2,23,6,1,1,75.0,75.0,0.0,0,1,17,8,1,6
50.0,25.0,0.0,0.0,75.0,0.0,2025,2,23,6,1,1,75.0,75.0,0.0,0,4,19,8,1,6
50.0,0.0,0.0,0.0,50.0,0.0,2025,9,20,5,3,1,50.0,50.0,0.0,0,3,17,1,1,6
65.0,0.0,0.0,0.0,65.0,0.0,2025,4,10,3,2,0,65.0,65.0,0.0,1,1,17,8,0,6
115.0,10.0,0.0,0.0,125.0,0.0,2023,4,27,3,2,0,125.0,125.0,0.0,1,1,17,8,6,1
50.0,0.0,0.0,0.0,50.0,0.0,2025,3,23,6,1,1,50.0,50.0,0.0,0,1,17,7,1,6
50.0,0.0,0.0,0.0,50.0,0.0,2025,3,6,3,1,0,50.0,50.0,0.0,0,1,17,4,1,6
50.0,0.0,0.0,50.0,0.0,0.0,2025,3,6,3,1,0,50.0,-50.0,0.0,0,3,17,8,1,5
50.0,0.0,0.0,0.0,50.0,0.0,2025,3,6,3,1,0,50.0,50.0,0.0,0,3,17,8,1,6
50.0,25.0,0.0,0.0,75.0,0.0,2025,3,23,6,1,1,75.0,75.0,0.0,0,3,17,8,1,6
50.0,0.0,0.0,0.0,50.0,0.0,2025,9,24,2,3,0,50.0,50.0,0.0,0,4,17,8,1,6
50.0,25.0,2.16,0.04,77.12,0.0,2025,1,9,3,1,0,77.16,77.08,0.0,0,1,17,6,1,6
59.94399185336049,4.760692464358452,1.0263034623217924,1.8407230142566193,63.7833401221996,0.10692464358452139,2023,3,30,3,1,0,65.73098778004073,61.94261710794298,0.0016267006962124057,1,5,25,8,8,6
50.0,0.0,0.0,0.0,50.0,0.0,2025,3,23,6,1,1,50.0,50.0,0.0,0,1,17,8,1,6
50.0,25.0,15.34,0.0,90.34,0.0,2022,6,30,3,2,0,90.34,90.34,0.0,0,0,17,8,1,6
50.0,25.0,17.2,0.13,92.07,0.0,2022,7,6,2,3,0,92.2,91.94,0.0,0,3,16,8,1,6
50.0,25.0,15.21,0.0,90.21,0.0,2022,7,6,2,3,0,90.21000000000001,90.21,0.0,0,0,17,8,1,6
50.0,0.0,0.0,0.0,50.0,0.0,2025,3,11,1,1,0,50.0,50.0,0.0,0,3,17,8,1,6
115.0,10.0,0.0,55.09999999999991,0.0,0.0,2023,7,23,6,3,1,125.0,-55.09999999999991,0.0,1,1,17,8,5,0
65.0,0.0,0.0,0.0,65.0,0.0,2025,1,29,2,1,0,65.0,65.0,0.0,1,3,17,2,6,6
50.0,0.0,0.0,0.0,50.0,0.0,2024,11,14,3,4,0,50.0,50.0,0.0,0,5,17,8,7,6
50.0,0.0,0.0,0.0,50.0,0.0,2024,11,14,3,4,0,50.0,50.0,0.0,0,5,17,8,7,6
50.0,0.0,0.0,0.0,50.0,0.0,2025,3,23,6,1,1,50.0,50.0,0.0,0,1,17,8,1,6
50.0,0.0,0.0,0.0,50.0,0.0,2025,3,6,3,1,0,50.0,50.0,0.0,0,4,17,8,1,6
50.0,0.0,0.0,0.0,50.0,0.0,2025,3,6,3,1,0,50.0,50.0,0.0,0,1,16,8,1,6
95.0,10.0,0.0,0.0,105.0,0.0,2025,4,15,1,2,0,105.0,105.0,0.0,1,0,17,6,5,6
115.0,60.0,8.62,0.01,183.61,0.0,2024,9,27,4,3,0,183.62,183.60000000000002,0.0,1,2,14,8,2,6
50.0,0.0,0.0,0.0,50.0,0.0,2025,3,6,3,1,0,50.0,50.0,0.0,0,3,17,8,1,6
50.0,0.0,0.0,0.0,50.0,0.0,2024,11,14,3,4,0,50.0,50.0,0.0,0,1,17,8,7,6
65.0,0.0,0.0,0.0,65.0,0.0,2025,10,21,1,4,0,65.0,65.0,0.0,1,2,16,8,0,6
50.0,0.0,0.0,0.0,50.0,0.0,2025,9,20,5,3,1,50.0,50.0,0.0,0,0,16,8,1,6
50.0,0.0,0.0,0.0,50.0,0.0,2025,9,24,2,3,0,50.0,50.0,0.0,0,3,17,1,1,6
65.0,0.0,0.0,0.0,65.0,0.0,2025,4,11,4,2,0,65.0,65.0,0.0,1,1,17,8,0,6
65.0,0.0,0.0,0.0,65.0,0.0,2025,10,6,0,4,0,65.0,65.0,0.0,1,3,17,8,0,6
65.0,0.0,0.0,0.0,65.0,0.0,2025,4,12,5,2,1,65.0,65.0,0.0,1,0,5,8,0,6
65.0,0.0,0.0,0.0,65.0,0.0,2025,4,16,2,2,0,65.0,65.0,0.0,1,1,17,8,0,6
50.0,0.0,0.0,0.0,50.0,0.0,2024,11,14,3,4,0,50.0,50.0,0.0,0,5,19,8,7,6
35.0,0.0,0.0,0.0,35.0,0.0,2025,2,4,1,1,0,35.0,35.0,0.0,0,3,17,8,6,6
50.0,0.0,0.0,50.0,0.0,0.0,2024,11,15,4,4,0,50.0,-50.0,0.0,0,2,17,8,7,5
50.0,0.0,0.0,0.0,50.0,0.0,2025,3,6,3,1,0,50.0,50.0,0.0,0,2,3,8,1,6
50.0,25.0,0.0,0.0,75.0,0.0,2025,2,23,6,1,1,75.0,75.0,0.0,0,1,17,8,1,6
115.0,0.0,0.0,0.0,115.0,0.0,2025,4,27,6,2,1,115.0,115.0,0.0,1,0,17,1,5,6
100.0,0.0,0.0,0.0,100.0,0.0,2025,11,19,2,4,0,100.0,100.0,0.0,1,3,17,8,1,6
115.0,60.0,5.0,0.01,179.99,0.0,2024,9,24,1,3,0,180.0,179.98000000000002,0.0,1,5,14,8,2,6
95.0,10.0,0.0,0.0,105.0,0.0,2025,5,14,2,2,0,105.0,105.0,0.0,1,1,17,8,5,6
50.0,0.0,0.0,0.0,50.0,0.0,2025,9,24,2,3,0,50.0,50.0,0.0,0,1,17,5,1,6
35.0,0.0,0.0,0.0,35.0,0.0,2025,4,15,1,2,0,35.0,35.0,0.0,0,0,17,8,6,6
50.0,0.0,0.0,0.0,50.0,0.0,2025,3,23,6,1,1,50.0,50.0,0.0,0,1,17,8,1,6
50.0,0.0,0.0,0.0,50.0,0.0,2025,3,11,1,1,0,50.0,50.0,0.0,0,1,17,8,1,6
65.0,0.0,0.0,0.0,65.0,0.0,2025,4,15,1,2,0,65.0,65.0,0.0,1,1,17,8,0,6
50.0,0.0,0.0,0.0,50.0,0.0,2025,1,15,2,1,0,50.0,50.0,0.0,0,1,17,6,7,6
50.0,0.0,0.0,0.0,50.0,0.0,2025,3,23,6,1,1,50.0,50.0,0.0,0,3,17,8,1,6
50.0,0.0,0.0,0.0,50.0,0.0,2025,3,6,3,1,0,50.0,50.0,0.0,0,3,17,8,1,6
50.0,0.0,0.0,0.0,50.0,0.0,2025,3,6,3,1,0,50.0,50.0,0.0,0,3,17,8,1,6
50.0,0.0,0.0,0.0,50.0,0.0,2025,3,23,6,1,1,50.0,50.0,0.0,0,0,17,8,1,6
50.0,0.0,0.0,0.0,50.0,0.0,2025,3,23,6,1,1,50.0,50.0,0.0,0,0,17,8,1,6
65.0,60.0,18.129699999999982,0.01,166.87,0.0,2022,3,23,2,1,0,143.12969999999999,166.86,0.0,1,1,17,8,6,6
50.0,0.0,0.0,0.0,50.0,0.0,2025,9,24,2,3,0,50.0,50.0,0.0,0,3,17,8,1,6
115.0,10.0,0.0,0.0,125.0,0.0,2024,10,10,3,4,0,125.0,125.0,0.0,1,2,16,8,2,6
50.0,25.0,0.0,0.0,75.0,0.0,2025,2,23,6,1,1,75.0,75.0,0.0,0,2,16,8,1,6
50.0,0.0,0.0,0.0,50.0,0.0,2024,11,15,4,4,0,50.0,50.0,0.0,0,2,24,8,7,6
50.0,0.0,0.0,0.0,50.0,0.0,2024,11,15,4,4,0,50.0,50.0,0.0,0,5,7,8,7,6
50.0,0.0,0.0,0.0,50.0,0.0,2024,11,15,4,4,0,50.0,50.0,0.0,0,5,17,6,7,6
115.0,60.0,3.64,0.28,178.36,0.0,2024,11,15,4,4,0,178.64,178.08,0.0,1,2,14,8,2,6
50.0,0.0,0.0,0.0,50.0,0.0,2025,3,11,1,1,0,50.0,50.0,0.0,0,0,17,6,1,6
65.0,0.0,0.0,0.0,65.0,0.0,2025,4,11,4,2,0,65.0,65.0,0.0,1,0,17,8,0,6
50.0,0.0,0.0,0.0,50.0,0.0,2025,3,6,3,1,0,50.0,50.0,0.0,0,3,17,8,1,6
50.0,0.0,0.0,0.0,50.0,0.0,2025,3,6,3,1,0,50.0,50.0,0.0,0,4,17,8,1,6
50.0,0.0,0.0,0.0,50.0,0.0,2025,9,24,2,3,0,50.0,50.0,0.0,0,1,17,8,1,6
50.0,25.0,0.0,0.0,75.0,0.0,2025,2,23,6,1,1,75.0,75.0,0.0,0,4,17,8,1,6
150.0,0.0,0.0,0.0,165.0,0.0,2025,5,2,4,2,0,150.0,165.0,0.0,1,1,17,8,5,6
50.0,0.0,0.0,0.0,50.0,0.0,2025,3,23,6,1,1,50.0,50.0,0.0,0,0,16,8,1,6
50.0,0.0,0.0,0.0,50.0,0.0,2025,3,6,3,1,0,50.0,50.0,0.0,0,3,17,8,1,6
50.0,0.0,0.0,0.0,50.0,0.0,2025,3,23,6,1,1,50.0,50.0,0.0,0,1,17,8,1,2
50.0,0.0,0.0,0.0,50.0,0.0,2024,11,15,4,4,0,50.0,50.0,0.0,0,5,17,8,7,6
50.0,0.0,0.0,0.0,50.0,0.0,2024,11,15,4,4,0,50.0,50.0,0.0,0,5,17,6,7,6
50.0,0.0,0.0,0.0,50.0,0.0,2025,3,11,1,1,0,50.0,50.0,0.0,0,3,17,11,1,6
50.0,0.0,0.0,0.0,50.0,0.0,2025,3,11,1,1,0,50.0,50.0,0.0,0,3,17,8,1,6
65.0,0.0,0.0,0.0,65.0,0.0,2025,2,4,1,1,0,65.0,65.0,0.0,1,3,17,8,6,6
50.0,0.0,0.0,0.0,50.0,0.0,2025,3,11,1,1,0,50.0,50.0,0.0,0,1,17,8,1,6
50.0,0.0,0.0,0.0,50.0,0.0,2025,3,6,3,1,0,50.0,50.0,0.0,0,1,16,8,1,6
50.0,0.0,0.0,0.0,50.0,0.0,2025,3,11,1,1,0,50.0,50.0,0.0,0,3,17,8,1,6
50.0,0.0,0.0,0.0,50.0,0.0,2025,3,11,1,1,0,50.0,50.0,0.0,0,3,17,8,1,6
95.0,10.0,0.0,55.09999999999991,0.0,0.0,2023,10,30,0,4,0,105.0,-55.09999999999991,0.0,1,2,17,8,5,0
115.0,0.0,0.0,0.0,115.0,0.0,2025,3,14,4,1,0,115.0,115.0,0.0,1,1,24,8,5,6
50.0,0.0,0.0,0.0,50.0,0.0,2025,9,20,5,3,1,50.0,50.0,0.0,0,3,17,8,1,6
50.0,0.0,0.0,0.0,50.0,0.0,2024,11,15,4,4,0,50.0,50.0,0.0,0,5,17,8,7,6
50.0,0.0,0.0,0.0,50.0,0.0,2024,11,15,4,4,0,50.0,50.0,0.0,0,5,17,8,7,6
50.0,0.0,0.0,0.0,50.0,0.0,2025,9,24,2,3,0,50.0,50.0,0.0,0,1,17,8,1,6
65.0,0.0,0.0,0.0,65.0,0.0,2025,4,15,1,2,0,65.0,65.0,0.0,1,0,17,8,6,6
50.0,0.0,0.0,0.0,50.0,0.0,2025,3,23,6,1,1,50.0,50.0,0.0,0,3,17,8,1,6
50.0,0.0,0.0,0.0,50.0,0.0,2025,3,23,6,1,1,50.0,50.0,0.0,0,2,17,8,1,6
50.0,0.0,0.0,0.0,50.0,0.0,2025,3,11,1,1,0,50.0,50.0,0.0,0,0,17,8,1,6
45.0,10.0,0.0,55.0,0.0,0.0,2023,9,22,4,3,0,55.0,-55.0,0.0,0,5,17,8,5,0
115.0,10.0,0.0,55.09999999999991,0.0,0.0,2023,7,26,2,3,0,125.0,-55.09999999999991,0.0,1,3,17,8,4,0
115.0,60.0,18.129699999999982,0.01,201.25599999999994,0.0,2017,6,1,3,2,0,193.12969999999999,201.24599999999995,0.0,1,2,17,8,5,6
50.0,0.0,0.0,0.0,50.0,0.0,2025,9,19,4,3,0,50.0,50.0,0.0,0,1,17,8,1,6
50.0,0.0,0.0,0.0,50.0,0.0,2025,9,24,2,3,0,50.0,50.0,0.0,0,2,17,8,1,6
95.0,0.0,0.0,0.0,95.0,0.0,2025,3,28,4,1,0,95.0,95.0,0.0,1,2,10,8,6,6
50.0,0.0,0.0,0.0,50.0,0.0,2024,11,15,4,4,0,50.0,50.0,0.0,0,5,6,8,7,6
50.0,0.0,0.0,0.0,50.0,0.0,2024,11,15,4,4,0,50.0,50.0,0.0,0,1,6,8,7,6
50.0,0.0,0.0,0.0,50.0,0.0,2024,11,15,4,4,0,50.0,50.0,0.0,0,5,17,8,7,6
50.0,0.0,0.0,0.0,50.0,0.0,2024,11,15,4,4,0,50.0,50.0,0.0,0,2,17,8,7,6
50.0,0.0,0.0,0.0,50.0,0.0,2025,3,6,3,1,0,50.0,50.0,0.0,0,4,17,1,1,6
50.0,0.0,0.0,0.0,50.0,0.0,2025,3,11,1,1,0,50.0,50.0,0.0,0,1,12,8,1,6
50.0,0.0,0.0,0.0,50.0,0.0,2025,3,11,1,1,0,50.0,50.0,0.0,0,1,17,8,1,6
95.0,10.0,0.0,55.09999999999991,0.0,0.0,2023,10,26,3,4,0,105.0,-55.09999999999991,0.0,1,3,17,0,5,0
115.0,60.0,14.48,0.0,189.48,0.0,2023,5,15,0,2,0,189.48,189.48,0.0,1,4,17,8,6,6
95.0,10.0,0.0,55.09999999999991,0.0,0.0,2023,11,3,4,4,0,105.0,-55.09999999999991,0.0,1,1,17,8,5,0
50.0,25.0,4.16,0.0,79.16,0.0,2024,4,17,2,2,0,79.16,79.16,0.0,0,3,14,8,1,6
50.0,0.0,0.0,0.0,50.0,0.0,2025,3,6,3,1,0,50.0,50.0,0.0,0,4,17,8,1,6
50.0,0.0,0.0,0.0,50.0,0.0,2025,3,6,3,1,0,50.0,50.0,0.0,0,4,17,8,1,6
